id,predict
1,ship
2,car
3,cat
4,horse
5,truck
6,cat
7,ship
8,horse
9,ship
10,truck
11,frog
12,frog
13,ship
14,cat
15,bird
16,bird
17,ship
18,plane
19,plane
20,car
21,cat
22,deer
23,frog
24,ship
25,cat
26,frog
27,plane
28,ship
29,ship
30,truck
31,dog
32,cat
33,frog
34,car
35,ship
36,frog
37,plane
38,car
39,bird
40,deer
41,ship
42,dog
43,frog
44,truck
45,frog
46,cat
47,frog
48,truck
49,plane
50,horse
51,deer
52,car
53,ship
54,cat
55,truck
56,bird
57,truck
58,cat
59,plane
60,plane
61,plane
62,truck
63,frog
64,ship
65,car
66,bird
67,cat
68,bird
69,dog
70,deer
71,bird
72,ship
73,cat
74,frog
75,horse
76,horse
77,ship
78,plane
79,dog
80,cat
81,deer
82,cat
83,bird
84,plane
85,frog
86,ship
87,deer
88,frog
89,frog
90,ship
91,truck
92,cat
93,plane
94,frog
95,cat
96,horse
97,truck
98,plane
99,plane
100,plane
101,cat
102,plane
103,bird
104,frog
105,horse
106,car
107,car
108,frog
109,plane
110,frog
111,dog
112,horse
113,car
114,plane
115,deer
116,horse
117,cat
118,deer
119,cat
120,bird
121,deer
122,frog
123,deer
124,deer
125,bird
126,deer
127,truck
128,plane
129,horse
130,frog
131,plane
132,truck
133,car
134,frog
135,ship
136,frog
137,dog
138,car
139,cat
140,car
141,dog
142,dog
143,ship
144,horse
145,cat
146,plane
147,ship
148,deer
149,frog
150,truck
151,frog
152,truck
153,bird
154,bird
155,car
156,truck
157,dog
158,frog
159,cat
160,dog
161,horse
162,plane
163,plane
164,cat
165,plane
166,plane
167,bird
168,bird
169,horse
170,bird
171,horse
172,horse
173,deer
174,deer
175,frog
176,bird
177,horse
178,car
179,ship
180,ship
181,car
182,truck
183,horse
184,deer
185,car
186,truck
187,ship
188,horse
189,dog
190,frog
191,cat
192,car
193,plane
194,plane
195,deer
196,frog
197,bird
198,car
199,ship
200,car
201,plane
202,ship
203,deer
204,bird
205,dog
206,plane
207,ship
208,deer
209,cat
210,horse
211,car
212,ship
213,truck
214,frog
215,ship
216,frog
217,cat
218,bird
219,dog
220,car
221,truck
222,truck
223,car
224,deer
225,deer
226,frog
227,frog
228,frog
229,dog
230,bird
231,ship
232,frog
233,truck
234,plane
235,plane
236,cat
237,plane
238,ship
239,truck
240,horse
241,ship
242,deer
243,truck
244,ship
245,deer
246,dog
247,deer
248,bird
249,truck
250,frog
251,frog
252,cat
253,ship
254,car
255,bird
256,truck
257,truck
258,dog
259,plane
260,car
261,frog
262,truck
263,ship
264,horse
265,truck
266,ship
267,deer
268,bird
269,bird
270,ship
271,deer
272,car
273,frog
274,cat
275,ship
276,truck
277,car
278,ship
279,bird
280,deer
281,truck
282,horse
283,horse
284,deer
285,plane
286,frog
287,car
288,car
289,car
290,cat
291,bird
292,frog
293,horse
294,ship
295,cat
296,truck
297,ship
298,truck
299,cat
300,horse
301,horse
302,frog
303,frog
304,bird
305,horse
306,car
307,deer
308,truck
309,plane
310,plane
311,ship
312,frog
313,truck
314,bird
315,horse
316,truck
317,dog
318,horse
319,truck
320,frog
321,frog
322,dog
323,plane
324,horse
325,cat
326,plane
327,dog
328,truck
329,bird
330,truck
331,plane
332,ship
333,car
334,frog
335,dog
336,ship
337,truck
338,ship
339,truck
340,cat
341,frog
342,cat
343,frog
344,frog
345,ship
346,ship
347,bird
348,bird
349,truck
350,frog
351,cat
352,deer
353,cat
354,bird
355,ship
356,cat
357,dog
358,truck
359,car
360,truck
361,ship
362,frog
363,frog
364,truck
365,plane
366,frog
367,dog
368,frog
369,cat
370,plane
371,cat
372,horse
373,plane
374,ship
375,truck
376,bird
377,frog
378,bird
379,dog
380,horse
381,horse
382,dog
383,truck
384,truck
385,cat
386,deer
387,horse
388,truck
389,horse
390,dog
391,cat
392,deer
393,frog
394,dog
395,horse
396,ship
397,dog
398,bird
399,frog
400,ship
401,deer
402,bird
403,bird
404,truck
405,cat
406,truck
407,horse
408,ship
409,plane
410,dog
411,bird
412,bird
413,bird
414,bird
415,frog
416,horse
417,cat
418,car
419,horse
420,horse
421,truck
422,ship
423,dog
424,truck
425,bird
426,plane
427,truck
428,horse
429,ship
430,plane
431,truck
432,ship
433,truck
434,plane
435,ship
436,cat
437,plane
438,bird
439,car
440,truck
441,cat
442,car
443,frog
444,ship
445,deer
446,bird
447,truck
448,horse
449,plane
450,plane
451,horse
452,truck
453,truck
454,car
455,truck
456,truck
457,bird
458,plane
459,ship
460,car
461,deer
462,horse
463,ship
464,frog
465,truck
466,horse
467,ship
468,bird
469,cat
470,frog
471,car
472,horse
473,cat
474,car
475,car
476,dog
477,horse
478,plane
479,dog
480,horse
481,car
482,deer
483,frog
484,car
485,ship
486,dog
487,cat
488,car
489,ship
490,frog
491,frog
492,horse
493,truck
494,horse
495,plane
496,cat
497,deer
498,plane
499,cat
500,truck
501,bird
502,frog
503,dog
504,horse
505,frog
506,car
507,dog
508,frog
509,car
510,dog
511,plane
512,horse
513,horse
514,deer
515,cat
516,truck
517,cat
518,plane
519,frog
520,plane
521,car
522,deer
523,cat
524,plane
525,cat
526,dog
527,cat
528,cat
529,ship
530,deer
531,cat
532,horse
533,cat
534,bird
535,ship
536,car
537,truck
538,frog
539,bird
540,ship
541,frog
542,dog
543,frog
544,truck
545,truck
546,frog
547,frog
548,plane
549,dog
550,car
551,truck
552,cat
553,deer
554,plane
555,horse
556,frog
557,plane
558,truck
559,truck
560,deer
561,car
562,cat
563,deer
564,dog
565,deer
566,frog
567,frog
568,ship
569,dog
570,truck
571,plane
572,truck
573,horse
574,dog
575,frog
576,car
577,ship
578,truck
579,deer
580,bird
581,bird
582,car
583,deer
584,car
585,horse
586,car
587,dog
588,bird
589,truck
590,frog
591,truck
592,truck
593,deer
594,dog
595,cat
596,ship
597,truck
598,ship
599,truck
600,bird
601,frog
602,frog
603,dog
604,plane
605,deer
606,car
607,deer
608,bird
609,car
610,horse
611,horse
612,dog
613,cat
614,deer
615,bird
616,horse
617,deer
618,ship
619,ship
620,frog
621,cat
622,ship
623,horse
624,frog
625,deer
626,cat
627,frog
628,truck
629,horse
630,truck
631,plane
632,deer
633,frog
634,truck
635,frog
636,ship
637,deer
638,dog
639,car
640,frog
641,bird
642,horse
643,bird
644,dog
645,cat
646,plane
647,dog
648,bird
649,ship
650,car
651,cat
652,plane
653,car
654,car
655,truck
656,ship
657,truck
658,horse
659,ship
660,ship
661,bird
662,bird
663,frog
664,ship
665,ship
666,ship
667,horse
668,car
669,plane
670,cat
671,car
672,truck
673,ship
674,frog
675,truck
676,dog
677,bird
678,dog
679,plane
680,frog
681,car
682,bird
683,deer
684,plane
685,frog
686,frog
687,horse
688,cat
689,ship
690,frog
691,bird
692,bird
693,ship
694,dog
695,truck
696,deer
697,ship
698,ship
699,deer
700,ship
701,car
702,dog
703,dog
704,plane
705,bird
706,plane
707,frog
708,dog
709,truck
710,cat
711,ship
712,dog
713,ship
714,cat
715,deer
716,ship
717,truck
718,frog
719,dog
720,dog
721,cat
722,cat
723,plane
724,dog
725,truck
726,ship
727,car
728,cat
729,cat
730,ship
731,frog
732,frog
733,frog
734,car
735,deer
736,ship
737,plane
738,deer
739,bird
740,car
741,ship
742,deer
743,deer
744,truck
745,horse
746,dog
747,car
748,horse
749,truck
750,frog
751,truck
752,ship
753,bird
754,plane
755,plane
756,frog
757,deer
758,deer
759,frog
760,dog
761,truck
762,cat
763,car
764,ship
765,ship
766,bird
767,bird
768,ship
769,cat
770,frog
771,ship
772,deer
773,ship
774,plane
775,frog
776,deer
777,horse
778,ship
779,car
780,ship
781,frog
782,bird
783,deer
784,plane
785,plane
786,ship
787,cat
788,horse
789,frog
790,truck
791,bird
792,truck
793,ship
794,cat
795,bird
796,ship
797,truck
798,deer
799,truck
800,horse
801,horse
802,cat
803,dog
804,plane
805,ship
806,dog
807,ship
808,dog
809,ship
810,dog
811,bird
812,dog
813,car
814,ship
815,truck
816,bird
817,frog
818,deer
819,truck
820,frog
821,bird
822,ship
823,dog
824,ship
825,dog
826,cat
827,truck
828,ship
829,deer
830,plane
831,frog
832,bird
833,dog
834,deer
835,ship
836,bird
837,dog
838,frog
839,ship
840,ship
841,plane
842,dog
843,dog
844,cat
845,ship
846,car
847,cat
848,car
849,truck
850,truck
851,dog
852,dog
853,truck
854,car
855,bird
856,car
857,ship
858,cat
859,cat
860,ship
861,truck
862,truck
863,ship
864,ship
865,cat
866,bird
867,ship
868,deer
869,horse
870,frog
871,truck
872,dog
873,frog
874,horse
875,cat
876,car
877,frog
878,frog
879,cat
880,truck
881,car
882,plane
883,bird
884,plane
885,car
886,ship
887,deer
888,plane
889,car
890,ship
891,frog
892,frog
893,car
894,bird
895,bird
896,plane
897,plane
898,ship
899,car
900,car
901,ship
902,deer
903,frog
904,frog
905,dog
906,deer
907,ship
908,plane
909,truck
910,horse
911,horse
912,dog
913,car
914,cat
915,car
916,horse
917,ship
918,frog
919,truck
920,horse
921,car
922,dog
923,ship
924,car
925,car
926,ship
927,ship
928,truck
929,deer
930,car
931,horse
932,plane
933,plane
934,truck
935,dog
936,car
937,bird
938,cat
939,horse
940,bird
941,truck
942,dog
943,cat
944,deer
945,dog
946,horse
947,truck
948,truck
949,frog
950,truck
951,car
952,frog
953,ship
954,horse
955,plane
956,car
957,frog
958,horse
959,frog
960,frog
961,cat
962,deer
963,truck
964,cat
965,ship
966,frog
967,bird
968,horse
969,deer
970,frog
971,car
972,cat
973,car
974,frog
975,car
976,dog
977,car
978,cat
979,frog
980,ship
981,ship
982,frog
983,horse
984,frog
985,cat
986,car
987,bird
988,deer
989,car
990,ship
991,frog
992,truck
993,horse
994,dog
995,frog
996,ship
997,bird
998,frog
999,plane
1000,cat
1001,plane
1002,car
1003,plane
1004,truck
1005,truck
1006,horse
1007,deer
1008,truck
1009,ship
1010,bird
1011,horse
1012,dog
1013,deer
1014,dog
1015,dog
1016,frog
1017,horse
1018,deer
1019,bird
1020,deer
1021,truck
1022,horse
1023,bird
1024,truck
1025,car
1026,car
1027,horse
1028,plane
1029,bird
1030,car
1031,frog
1032,truck
1033,cat
1034,horse
1035,car
1036,horse
1037,ship
1038,cat
1039,horse
1040,frog
1041,cat
1042,frog
1043,truck
1044,ship
1045,cat
1046,bird
1047,cat
1048,car
1049,dog
1050,ship
1051,truck
1052,car
1053,plane
1054,truck
1055,plane
1056,ship
1057,horse
1058,cat
1059,truck
1060,horse
1061,truck
1062,cat
1063,deer
1064,truck
1065,bird
1066,plane
1067,ship
1068,cat
1069,ship
1070,car
1071,cat
1072,plane
1073,frog
1074,horse
1075,cat
1076,car
1077,bird
1078,ship
1079,frog
1080,bird
1081,car
1082,frog
1083,bird
1084,truck
1085,dog
1086,plane
1087,horse
1088,truck
1089,frog
1090,ship
1091,ship
1092,ship
1093,car
1094,car
1095,truck
1096,deer
1097,truck
1098,car
1099,horse
1100,horse
1101,truck
1102,dog
1103,ship
1104,cat
1105,frog
1106,truck
1107,deer
1108,cat
1109,horse
1110,ship
1111,ship
1112,bird
1113,cat
1114,ship
1115,truck
1116,deer
1117,truck
1118,car
1119,plane
1120,ship
1121,truck
1122,truck
1123,truck
1124,dog
1125,bird
1126,plane
1127,ship
1128,truck
1129,plane
1130,truck
1131,plane
1132,ship
1133,frog
1134,frog
1135,ship
1136,plane
1137,horse
1138,car
1139,ship
1140,plane
1141,frog
1142,ship
1143,frog
1144,cat
1145,frog
1146,car
1147,deer
1148,car
1149,ship
1150,deer
1151,cat
1152,horse
1153,car
1154,deer
1155,frog
1156,plane
1157,horse
1158,ship
1159,frog
1160,car
1161,truck
1162,bird
1163,dog
1164,truck
1165,bird
1166,dog
1167,car
1168,deer
1169,frog
1170,frog
1171,bird
1172,horse
1173,car
1174,truck
1175,dog
1176,ship
1177,dog
1178,cat
1179,cat
1180,horse
1181,deer
1182,car
1183,dog
1184,ship
1185,frog
1186,cat
1187,cat
1188,frog
1189,dog
1190,cat
1191,plane
1192,cat
1193,truck
1194,dog
1195,dog
1196,truck
1197,cat
1198,deer
1199,truck
1200,frog
1201,frog
1202,deer
1203,frog
1204,car
1205,bird
1206,horse
1207,ship
1208,plane
1209,ship
1210,truck
1211,car
1212,deer
1213,horse
1214,horse
1215,horse
1216,frog
1217,cat
1218,frog
1219,dog
1220,frog
1221,ship
1222,plane
1223,plane
1224,car
1225,ship
1226,car
1227,frog
1228,car
1229,car
1230,cat
1231,ship
1232,deer
1233,truck
1234,dog
1235,bird
1236,car
1237,cat
1238,plane
1239,deer
1240,dog
1241,dog
1242,ship
1243,ship
1244,truck
1245,ship
1246,cat
1247,car
1248,bird
1249,frog
1250,plane
1251,truck
1252,cat
1253,dog
1254,truck
1255,truck
1256,truck
1257,car
1258,truck
1259,truck
1260,frog
1261,car
1262,plane
1263,cat
1264,car
1265,ship
1266,frog
1267,ship
1268,dog
1269,ship
1270,cat
1271,car
1272,frog
1273,bird
1274,cat
1275,plane
1276,cat
1277,cat
1278,ship
1279,truck
1280,truck
1281,plane
1282,horse
1283,ship
1284,truck
1285,cat
1286,cat
1287,truck
1288,truck
1289,plane
1290,ship
1291,dog
1292,horse
1293,frog
1294,car
1295,cat
1296,car
1297,truck
1298,deer
1299,car
1300,cat
1301,ship
1302,horse
1303,car
1304,car
1305,car
1306,ship
1307,bird
1308,deer
1309,cat
1310,truck
1311,deer
1312,deer
1313,cat
1314,cat
1315,car
1316,car
1317,car
1318,truck
1319,deer
1320,truck
1321,car
1322,dog
1323,frog
1324,plane
1325,cat
1326,frog
1327,dog
1328,ship
1329,plane
1330,ship
1331,deer
1332,horse
1333,truck
1334,bird
1335,bird
1336,dog
1337,dog
1338,ship
1339,truck
1340,dog
1341,bird
1342,car
1343,frog
1344,horse
1345,deer
1346,deer
1347,bird
1348,frog
1349,deer
1350,car
1351,truck
1352,bird
1353,dog
1354,ship
1355,horse
1356,frog
1357,truck
1358,plane
1359,ship
1360,bird
1361,deer
1362,cat
1363,bird
1364,frog
1365,plane
1366,deer
1367,horse
1368,car
1369,car
1370,car
1371,truck
1372,dog
1373,frog
1374,ship
1375,truck
1376,truck
1377,bird
1378,bird
1379,ship
1380,truck
1381,truck
1382,horse
1383,bird
1384,cat
1385,deer
1386,ship
1387,horse
1388,ship
1389,car
1390,truck
1391,cat
1392,truck
1393,plane
1394,dog
1395,ship
1396,truck
1397,ship
1398,truck
1399,ship
1400,horse
1401,plane
1402,car
1403,car
1404,truck
1405,frog
1406,bird
1407,deer
1408,frog
1409,plane
1410,car
1411,dog
1412,frog
1413,dog
1414,ship
1415,plane
1416,ship
1417,car
1418,plane
1419,frog
1420,horse
1421,car
1422,truck
1423,truck
1424,frog
1425,cat
1426,cat
1427,deer
1428,plane
1429,truck
1430,car
1431,frog
1432,plane
1433,plane
1434,truck
1435,truck
1436,truck
1437,plane
1438,ship
1439,ship
1440,car
1441,deer
1442,bird
1443,plane
1444,ship
1445,truck
1446,ship
1447,bird
1448,car
1449,truck
1450,car
1451,deer
1452,horse
1453,horse
1454,deer
1455,cat
1456,ship
1457,dog
1458,dog
1459,dog
1460,truck
1461,dog
1462,dog
1463,plane
1464,dog
1465,car
1466,dog
1467,ship
1468,dog
1469,car
1470,deer
1471,horse
1472,deer
1473,frog
1474,plane
1475,deer
1476,truck
1477,bird
1478,car
1479,ship
1480,plane
1481,car
1482,car
1483,truck
1484,dog
1485,ship
1486,bird
1487,cat
1488,dog
1489,horse
1490,cat
1491,ship
1492,frog
1493,frog
1494,car
1495,ship
1496,cat
1497,truck
1498,frog
1499,plane
1500,plane
1501,cat
1502,horse
1503,horse
1504,deer
1505,ship
1506,plane
1507,cat
1508,plane
1509,car
1510,car
1511,bird
1512,plane
1513,bird
1514,horse
1515,ship
1516,ship
1517,truck
1518,plane
1519,truck
1520,deer
1521,car
1522,plane
1523,frog
1524,ship
1525,dog
1526,frog
1527,bird
1528,horse
1529,deer
1530,frog
1531,cat
1532,cat
1533,car
1534,dog
1535,ship
1536,dog
1537,car
1538,car
1539,frog
1540,car
1541,truck
1542,bird
1543,ship
1544,horse
1545,ship
1546,car
1547,dog
1548,truck
1549,cat
1550,truck
1551,car
1552,bird
1553,ship
1554,deer
1555,bird
1556,ship
1557,truck
1558,ship
1559,plane
1560,car
1561,ship
1562,dog
1563,horse
1564,dog
1565,cat
1566,horse
1567,car
1568,truck
1569,plane
1570,car
1571,plane
1572,frog
1573,truck
1574,horse
1575,dog
1576,frog
1577,plane
1578,truck
1579,plane
1580,frog
1581,ship
1582,dog
1583,frog
1584,ship
1585,car
1586,frog
1587,cat
1588,truck
1589,truck
1590,ship
1591,frog
1592,frog
1593,deer
1594,cat
1595,ship
1596,horse
1597,truck
1598,frog
1599,ship
1600,car
1601,ship
1602,bird
1603,ship
1604,frog
1605,deer
1606,ship
1607,deer
1608,deer
1609,car
1610,cat
1611,ship
1612,cat
1613,plane
1614,bird
1615,frog
1616,deer
1617,bird
1618,dog
1619,frog
1620,horse
1621,car
1622,cat
1623,dog
1624,deer
1625,horse
1626,cat
1627,cat
1628,car
1629,ship
1630,dog
1631,frog
1632,ship
1633,ship
1634,truck
1635,frog
1636,bird
1637,horse
1638,plane
1639,truck
1640,ship
1641,frog
1642,dog
1643,car
1644,frog
1645,cat
1646,car
1647,cat
1648,dog
1649,ship
1650,cat
1651,ship
1652,dog
1653,plane
1654,frog
1655,dog
1656,bird
1657,plane
1658,frog
1659,frog
1660,frog
1661,truck
1662,car
1663,frog
1664,plane
1665,car
1666,plane
1667,bird
1668,ship
1669,cat
1670,bird
1671,dog
1672,dog
1673,bird
1674,truck
1675,ship
1676,truck
1677,truck
1678,deer
1679,truck
1680,cat
1681,frog
1682,bird
1683,frog
1684,cat
1685,bird
1686,ship
1687,frog
1688,deer
1689,frog
1690,car
1691,car
1692,bird
1693,cat
1694,ship
1695,bird
1696,cat
1697,horse
1698,deer
1699,bird
1700,truck
1701,horse
1702,cat
1703,cat
1704,truck
1705,cat
1706,cat
1707,truck
1708,ship
1709,car
1710,dog
1711,car
1712,car
1713,car
1714,horse
1715,car
1716,ship
1717,horse
1718,horse
1719,ship
1720,truck
1721,frog
1722,truck
1723,dog
1724,bird
1725,ship
1726,ship
1727,frog
1728,deer
1729,frog
1730,bird
1731,ship
1732,car
1733,bird
1734,horse
1735,cat
1736,cat
1737,horse
1738,ship
1739,ship
1740,deer
1741,car
1742,ship
1743,horse
1744,car
1745,frog
1746,frog
1747,horse
1748,bird
1749,cat
1750,car
1751,cat
1752,bird
1753,ship
1754,bird
1755,ship
1756,ship
1757,bird
1758,truck
1759,ship
1760,truck
1761,dog
1762,car
1763,dog
1764,deer
1765,dog
1766,car
1767,bird
1768,deer
1769,deer
1770,car
1771,plane
1772,deer
1773,truck
1774,bird
1775,dog
1776,cat
1777,bird
1778,truck
1779,plane
1780,truck
1781,cat
1782,truck
1783,truck
1784,dog
1785,horse
1786,car
1787,car
1788,car
1789,truck
1790,cat
1791,frog
1792,deer
1793,cat
1794,deer
1795,deer
1796,ship
1797,horse
1798,dog
1799,horse
1800,ship
1801,frog
1802,cat
1803,bird
1804,ship
1805,ship
1806,car
1807,plane
1808,ship
1809,horse
1810,bird
1811,plane
1812,car
1813,bird
1814,dog
1815,bird
1816,bird
1817,deer
1818,bird
1819,truck
1820,frog
1821,deer
1822,car
1823,cat
1824,horse
1825,frog
1826,truck
1827,car
1828,frog
1829,horse
1830,truck
1831,frog
1832,car
1833,cat
1834,truck
1835,ship
1836,truck
1837,bird
1838,deer
1839,horse
1840,deer
1841,plane
1842,dog
1843,car
1844,plane
1845,deer
1846,horse
1847,cat
1848,truck
1849,cat
1850,horse
1851,deer
1852,frog
1853,frog
1854,ship
1855,truck
1856,truck
1857,frog
1858,ship
1859,truck
1860,truck
1861,truck
1862,deer
1863,plane
1864,deer
1865,frog
1866,dog
1867,deer
1868,horse
1869,plane
1870,frog
1871,car
1872,car
1873,plane
1874,deer
1875,plane
1876,dog
1877,cat
1878,ship
1879,ship
1880,frog
1881,deer
1882,ship
1883,plane
1884,plane
1885,ship
1886,dog
1887,cat
1888,deer
1889,frog
1890,car
1891,frog
1892,deer
1893,frog
1894,cat
1895,bird
1896,dog
1897,ship
1898,plane
1899,truck
1900,car
1901,truck
1902,dog
1903,plane
1904,deer
1905,plane
1906,dog
1907,frog
1908,frog
1909,cat
1910,horse
1911,ship
1912,truck
1913,plane
1914,plane
1915,deer
1916,cat
1917,horse
1918,cat
1919,ship
1920,ship
1921,frog
1922,truck
1923,bird
1924,dog
1925,plane
1926,truck
1927,car
1928,car
1929,car
1930,dog
1931,plane
1932,dog
1933,bird
1934,ship
1935,truck
1936,bird
1937,horse
1938,truck
1939,cat
1940,truck
1941,truck
1942,truck
1943,bird
1944,plane
1945,deer
1946,plane
1947,truck
1948,ship
1949,truck
1950,frog
1951,dog
1952,truck
1953,ship
1954,car
1955,car
1956,truck
1957,car
1958,horse
1959,frog
1960,dog
1961,bird
1962,cat
1963,truck
1964,dog
1965,bird
1966,cat
1967,truck
1968,ship
1969,car
1970,frog
1971,ship
1972,ship
1973,frog
1974,bird
1975,ship
1976,ship
1977,plane
1978,deer
1979,horse
1980,frog
1981,frog
1982,deer
1983,dog
1984,dog
1985,horse
1986,dog
1987,horse
1988,ship
1989,horse
1990,deer
1991,plane
1992,cat
1993,ship
1994,car
1995,car
1996,deer
1997,plane
1998,frog
1999,car
2000,horse
2001,truck
2002,ship
2003,horse
2004,deer
2005,frog
2006,dog
2007,horse
2008,deer
2009,cat
2010,cat
2011,deer
2012,truck
2013,truck
2014,bird
2015,truck
2016,deer
2017,frog
2018,dog
2019,truck
2020,truck
2021,frog
2022,plane
2023,deer
2024,frog
2025,cat
2026,horse
2027,plane
2028,horse
2029,dog
2030,ship
2031,dog
2032,ship
2033,ship
2034,frog
2035,plane
2036,deer
2037,frog
2038,frog
2039,frog
2040,cat
2041,truck
2042,frog
2043,bird
2044,frog
2045,deer
2046,ship
2047,dog
2048,plane
2049,deer
2050,deer
2051,dog
2052,frog
2053,plane
2054,horse
2055,car
2056,car
2057,frog
2058,car
2059,horse
2060,horse
2061,horse
2062,frog
2063,cat
2064,truck
2065,ship
2066,frog
2067,cat
2068,frog
2069,dog
2070,frog
2071,car
2072,ship
2073,plane
2074,truck
2075,plane
2076,plane
2077,plane
2078,plane
2079,horse
2080,plane
2081,truck
2082,horse
2083,horse
2084,deer
2085,horse
2086,truck
2087,cat
2088,horse
2089,frog
2090,plane
2091,horse
2092,truck
2093,bird
2094,bird
2095,truck
2096,car
2097,truck
2098,cat
2099,car
2100,dog
2101,plane
2102,dog
2103,dog
2104,ship
2105,ship
2106,bird
2107,car
2108,car
2109,truck
2110,truck
2111,bird
2112,car
2113,horse
2114,cat
2115,dog
2116,cat
2117,frog
2118,horse
2119,deer
2120,plane
2121,truck
2122,frog
2123,frog
2124,truck
2125,ship
2126,frog
2127,ship
2128,car
2129,truck
2130,dog
2131,frog
2132,truck
2133,plane
2134,bird
2135,car
2136,bird
2137,cat
2138,plane
2139,ship
2140,bird
2141,horse
2142,cat
2143,horse
2144,car
2145,bird
2146,dog
2147,bird
2148,plane
2149,dog
2150,plane
2151,car
2152,bird
2153,cat
2154,deer
2155,horse
2156,dog
2157,frog
2158,ship
2159,deer
2160,dog
2161,plane
2162,frog
2163,frog
2164,car
2165,cat
2166,cat
2167,cat
2168,plane
2169,car
2170,plane
2171,deer
2172,frog
2173,truck
2174,car
2175,deer
2176,plane
2177,dog
2178,frog
2179,ship
2180,deer
2181,ship
2182,horse
2183,deer
2184,dog
2185,ship
2186,ship
2187,bird
2188,cat
2189,horse
2190,plane
2191,horse
2192,dog
2193,horse
2194,horse
2195,frog
2196,frog
2197,truck
2198,deer
2199,frog
2200,cat
2201,plane
2202,truck
2203,horse
2204,truck
2205,plane
2206,ship
2207,plane
2208,bird
2209,ship
2210,deer
2211,bird
2212,ship
2213,car
2214,ship
2215,bird
2216,plane
2217,bird
2218,truck
2219,bird
2220,truck
2221,dog
2222,ship
2223,plane
2224,plane
2225,truck
2226,car
2227,car
2228,plane
2229,plane
2230,deer
2231,horse
2232,ship
2233,car
2234,plane
2235,deer
2236,plane
2237,frog
2238,plane
2239,plane
2240,truck
2241,car
2242,deer
2243,frog
2244,dog
2245,deer
2246,horse
2247,plane
2248,horse
2249,car
2250,cat
2251,truck
2252,bird
2253,truck
2254,frog
2255,deer
2256,car
2257,bird
2258,ship
2259,car
2260,car
2261,ship
2262,dog
2263,horse
2264,dog
2265,cat
2266,truck
2267,deer
2268,deer
2269,horse
2270,truck
2271,dog
2272,horse
2273,cat
2274,car
2275,plane
2276,deer
2277,cat
2278,dog
2279,dog
2280,truck
2281,dog
2282,deer
2283,frog
2284,deer
2285,frog
2286,ship
2287,plane
2288,truck
2289,cat
2290,car
2291,truck
2292,frog
2293,ship
2294,bird
2295,frog
2296,cat
2297,bird
2298,plane
2299,horse
2300,cat
2301,truck
2302,plane
2303,frog
2304,bird
2305,deer
2306,bird
2307,truck
2308,truck
2309,deer
2310,horse
2311,frog
2312,deer
2313,frog
2314,bird
2315,plane
2316,truck
2317,truck
2318,dog
2319,bird
2320,plane
2321,truck
2322,ship
2323,frog
2324,deer
2325,ship
2326,horse
2327,car
2328,deer
2329,horse
2330,truck
2331,plane
2332,horse
2333,dog
2334,frog
2335,horse
2336,dog
2337,ship
2338,plane
2339,ship
2340,dog
2341,frog
2342,dog
2343,frog
2344,car
2345,cat
2346,frog
2347,dog
2348,plane
2349,truck
2350,car
2351,ship
2352,car
2353,truck
2354,deer
2355,cat
2356,car
2357,truck
2358,ship
2359,car
2360,dog
2361,plane
2362,truck
2363,dog
2364,dog
2365,frog
2366,deer
2367,car
2368,frog
2369,bird
2370,bird
2371,frog
2372,plane
2373,car
2374,car
2375,ship
2376,dog
2377,cat
2378,plane
2379,truck
2380,dog
2381,deer
2382,deer
2383,ship
2384,bird
2385,plane
2386,deer
2387,dog
2388,ship
2389,truck
2390,frog
2391,bird
2392,ship
2393,horse
2394,ship
2395,bird
2396,horse
2397,horse
2398,ship
2399,horse
2400,frog
2401,truck
2402,cat
2403,frog
2404,car
2405,truck
2406,cat
2407,frog
2408,horse
2409,horse
2410,frog
2411,cat
2412,horse
2413,cat
2414,deer
2415,car
2416,ship
2417,truck
2418,truck
2419,frog
2420,frog
2421,cat
2422,car
2423,cat
2424,car
2425,car
2426,dog
2427,frog
2428,frog
2429,dog
2430,bird
2431,horse
2432,cat
2433,bird
2434,deer
2435,deer
2436,truck
2437,frog
2438,truck
2439,bird
2440,cat
2441,ship
2442,frog
2443,bird
2444,ship
2445,dog
2446,horse
2447,cat
2448,dog
2449,ship
2450,plane
2451,plane
2452,horse
2453,dog
2454,plane
2455,frog
2456,ship
2457,truck
2458,ship
2459,bird
2460,cat
2461,car
2462,dog
2463,dog
2464,frog
2465,horse
2466,ship
2467,frog
2468,cat
2469,ship
2470,car
2471,cat
2472,deer
2473,bird
2474,car
2475,plane
2476,frog
2477,plane
2478,car
2479,cat
2480,cat
2481,ship
2482,frog
2483,horse
2484,horse
2485,truck
2486,truck
2487,ship
2488,frog
2489,car
2490,ship
2491,frog
2492,ship
2493,cat
2494,ship
2495,frog
2496,cat
2497,ship
2498,deer
2499,bird
2500,dog
2501,plane
2502,frog
2503,plane
2504,car
2505,car
2506,truck
2507,car
2508,car
2509,truck
2510,dog
2511,frog
2512,truck
2513,frog
2514,plane
2515,horse
2516,frog
2517,ship
2518,plane
2519,frog
2520,cat
2521,ship
2522,car
2523,bird
2524,dog
2525,horse
2526,cat
2527,frog
2528,plane
2529,car
2530,ship
2531,deer
2532,horse
2533,horse
2534,deer
2535,dog
2536,frog
2537,plane
2538,dog
2539,plane
2540,truck
2541,horse
2542,deer
2543,bird
2544,frog
2545,plane
2546,ship
2547,bird
2548,bird
2549,ship
2550,truck
2551,bird
2552,dog
2553,frog
2554,truck
2555,frog
2556,truck
2557,plane
2558,bird
2559,plane
2560,car
2561,dog
2562,dog
2563,horse
2564,truck
2565,car
2566,plane
2567,plane
2568,deer
2569,car
2570,cat
2571,car
2572,car
2573,plane
2574,ship
2575,cat
2576,plane
2577,car
2578,truck
2579,frog
2580,car
2581,plane
2582,bird
2583,deer
2584,dog
2585,cat
2586,dog
2587,cat
2588,car
2589,truck
2590,plane
2591,horse
2592,bird
2593,plane
2594,horse
2595,ship
2596,truck
2597,bird
2598,truck
2599,ship
2600,truck
2601,bird
2602,truck
2603,truck
2604,deer
2605,bird
2606,frog
2607,plane
2608,dog
2609,ship
2610,horse
2611,deer
2612,frog
2613,dog
2614,truck
2615,deer
2616,horse
2617,frog
2618,car
2619,deer
2620,deer
2621,dog
2622,ship
2623,cat
2624,bird
2625,dog
2626,frog
2627,deer
2628,plane
2629,bird
2630,cat
2631,horse
2632,bird
2633,car
2634,frog
2635,truck
2636,truck
2637,frog
2638,plane
2639,horse
2640,deer
2641,dog
2642,cat
2643,cat
2644,plane
2645,dog
2646,frog
2647,bird
2648,ship
2649,plane
2650,car
2651,ship
2652,plane
2653,car
2654,horse
2655,deer
2656,dog
2657,plane
2658,frog
2659,plane
2660,truck
2661,truck
2662,dog
2663,truck
2664,ship
2665,car
2666,deer
2667,frog
2668,plane
2669,bird
2670,horse
2671,ship
2672,horse
2673,car
2674,frog
2675,horse
2676,frog
2677,frog
2678,deer
2679,bird
2680,plane
2681,dog
2682,car
2683,truck
2684,frog
2685,truck
2686,car
2687,car
2688,truck
2689,truck
2690,plane
2691,frog
2692,car
2693,car
2694,dog
2695,horse
2696,frog
2697,deer
2698,car
2699,plane
2700,dog
2701,bird
2702,dog
2703,cat
2704,bird
2705,frog
2706,deer
2707,ship
2708,cat
2709,cat
2710,car
2711,deer
2712,deer
2713,truck
2714,plane
2715,dog
2716,ship
2717,ship
2718,deer
2719,dog
2720,bird
2721,ship
2722,dog
2723,horse
2724,ship
2725,truck
2726,horse
2727,horse
2728,truck
2729,truck
2730,plane
2731,horse
2732,deer
2733,cat
2734,cat
2735,cat
2736,horse
2737,horse
2738,dog
2739,horse
2740,deer
2741,horse
2742,deer
2743,car
2744,frog
2745,car
2746,horse
2747,car
2748,car
2749,car
2750,frog
2751,plane
2752,ship
2753,horse
2754,bird
2755,frog
2756,dog
2757,plane
2758,car
2759,dog
2760,horse
2761,truck
2762,horse
2763,truck
2764,truck
2765,dog
2766,plane
2767,truck
2768,deer
2769,cat
2770,car
2771,car
2772,cat
2773,car
2774,dog
2775,ship
2776,horse
2777,ship
2778,car
2779,car
2780,dog
2781,cat
2782,horse
2783,frog
2784,frog
2785,car
2786,deer
2787,car
2788,cat
2789,frog
2790,dog
2791,dog
2792,bird
2793,cat
2794,deer
2795,dog
2796,car
2797,deer
2798,deer
2799,deer
2800,cat
2801,truck
2802,horse
2803,plane
2804,frog
2805,cat
2806,frog
2807,ship
2808,ship
2809,dog
2810,bird
2811,car
2812,deer
2813,plane
2814,truck
2815,horse
2816,horse
2817,frog
2818,plane
2819,horse
2820,dog
2821,plane
2822,ship
2823,horse
2824,truck
2825,ship
2826,deer
2827,truck
2828,bird
2829,ship
2830,deer
2831,cat
2832,bird
2833,ship
2834,car
2835,frog
2836,horse
2837,deer
2838,car
2839,bird
2840,bird
2841,ship
2842,car
2843,car
2844,truck
2845,car
2846,bird
2847,dog
2848,frog
2849,car
2850,truck
2851,cat
2852,deer
2853,horse
2854,bird
2855,cat
2856,deer
2857,plane
2858,car
2859,ship
2860,ship
2861,ship
2862,ship
2863,horse
2864,car
2865,bird
2866,plane
2867,dog
2868,frog
2869,deer
2870,truck
2871,truck
2872,plane
2873,car
2874,deer
2875,car
2876,ship
2877,frog
2878,ship
2879,horse
2880,dog
2881,truck
2882,bird
2883,dog
2884,cat
2885,frog
2886,dog
2887,dog
2888,cat
2889,frog
2890,ship
2891,bird
2892,dog
2893,deer
2894,cat
2895,car
2896,ship
2897,frog
2898,frog
2899,frog
2900,ship
2901,bird
2902,truck
2903,horse
2904,dog
2905,plane
2906,deer
2907,frog
2908,frog
2909,dog
2910,frog
2911,plane
2912,truck
2913,dog
2914,car
2915,plane
2916,horse
2917,ship
2918,ship
2919,bird
2920,frog
2921,frog
2922,horse
2923,dog
2924,frog
2925,truck
2926,dog
2927,horse
2928,bird
2929,bird
2930,plane
2931,ship
2932,cat
2933,frog
2934,ship
2935,cat
2936,frog
2937,frog
2938,plane
2939,bird
2940,bird
2941,bird
2942,bird
2943,dog
2944,car
2945,deer
2946,horse
2947,car
2948,dog
2949,ship
2950,dog
2951,cat
2952,deer
2953,frog
2954,frog
2955,plane
2956,ship
2957,plane
2958,car
2959,cat
2960,bird
2961,plane
2962,dog
2963,plane
2964,dog
2965,car
2966,ship
2967,deer
2968,dog
2969,cat
2970,cat
2971,dog
2972,car
2973,cat
2974,ship
2975,ship
2976,frog
2977,car
2978,truck
2979,plane
2980,deer
2981,deer
2982,car
2983,ship
2984,cat
2985,deer
2986,ship
2987,horse
2988,deer
2989,horse
2990,frog
2991,frog
2992,frog
2993,dog
2994,frog
2995,deer
2996,deer
2997,dog
2998,plane
2999,horse
3000,car
3001,deer
3002,frog
3003,dog
3004,horse
3005,truck
3006,dog
3007,plane
3008,horse
3009,frog
3010,frog
3011,ship
3012,cat
3013,ship
3014,dog
3015,frog
3016,bird
3017,bird
3018,bird
3019,deer
3020,horse
3021,deer
3022,cat
3023,horse
3024,deer
3025,cat
3026,ship
3027,plane
3028,ship
3029,frog
3030,truck
3031,frog
3032,cat
3033,frog
3034,frog
3035,cat
3036,dog
3037,deer
3038,deer
3039,bird
3040,horse
3041,ship
3042,car
3043,cat
3044,deer
3045,ship
3046,car
3047,ship
3048,frog
3049,horse
3050,bird
3051,car
3052,plane
3053,horse
3054,ship
3055,car
3056,dog
3057,plane
3058,ship
3059,car
3060,plane
3061,dog
3062,cat
3063,truck
3064,frog
3065,frog
3066,car
3067,bird
3068,bird
3069,ship
3070,ship
3071,car
3072,frog
3073,frog
3074,horse
3075,deer
3076,truck
3077,bird
3078,bird
3079,ship
3080,cat
3081,deer
3082,cat
3083,dog
3084,truck
3085,bird
3086,frog
3087,bird
3088,car
3089,deer
3090,car
3091,car
3092,plane
3093,plane
3094,cat
3095,bird
3096,cat
3097,deer
3098,plane
3099,horse
3100,frog
3101,frog
3102,car
3103,deer
3104,ship
3105,car
3106,truck
3107,horse
3108,dog
3109,ship
3110,frog
3111,truck
3112,truck
3113,dog
3114,truck
3115,plane
3116,frog
3117,horse
3118,frog
3119,truck
3120,cat
3121,cat
3122,plane
3123,deer
3124,frog
3125,truck
3126,truck
3127,dog
3128,frog
3129,truck
3130,dog
3131,deer
3132,ship
3133,plane
3134,cat
3135,plane
3136,frog
3137,frog
3138,ship
3139,ship
3140,truck
3141,deer
3142,frog
3143,truck
3144,deer
3145,ship
3146,car
3147,plane
3148,frog
3149,bird
3150,ship
3151,car
3152,cat
3153,deer
3154,horse
3155,car
3156,deer
3157,truck
3158,deer
3159,cat
3160,truck
3161,car
3162,plane
3163,frog
3164,ship
3165,ship
3166,ship
3167,dog
3168,ship
3169,horse
3170,ship
3171,ship
3172,plane
3173,plane
3174,car
3175,frog
3176,dog
3177,plane
3178,plane
3179,cat
3180,cat
3181,horse
3182,dog
3183,car
3184,bird
3185,dog
3186,dog
3187,frog
3188,car
3189,car
3190,truck
3191,bird
3192,horse
3193,cat
3194,deer
3195,dog
3196,frog
3197,plane
3198,bird
3199,ship
3200,frog
3201,frog
3202,truck
3203,ship
3204,deer
3205,plane
3206,cat
3207,ship
3208,frog
3209,car
3210,ship
3211,car
3212,cat
3213,car
3214,deer
3215,dog
3216,deer
3217,plane
3218,dog
3219,ship
3220,cat
3221,horse
3222,deer
3223,cat
3224,horse
3225,bird
3226,cat
3227,plane
3228,deer
3229,deer
3230,dog
3231,ship
3232,frog
3233,horse
3234,car
3235,dog
3236,plane
3237,ship
3238,plane
3239,frog
3240,plane
3241,horse
3242,horse
3243,truck
3244,truck
3245,frog
3246,horse
3247,deer
3248,bird
3249,ship
3250,deer
3251,horse
3252,frog
3253,frog
3254,frog
3255,car
3256,frog
3257,dog
3258,bird
3259,frog
3260,ship
3261,truck
3262,ship
3263,frog
3264,plane
3265,horse
3266,plane
3267,horse
3268,car
3269,cat
3270,car
3271,plane
3272,cat
3273,ship
3274,horse
3275,deer
3276,bird
3277,car
3278,dog
3279,deer
3280,plane
3281,plane
3282,ship
3283,frog
3284,frog
3285,dog
3286,bird
3287,plane
3288,deer
3289,horse
3290,horse
3291,plane
3292,truck
3293,car
3294,plane
3295,deer
3296,ship
3297,plane
3298,cat
3299,truck
3300,bird
3301,cat
3302,bird
3303,car
3304,ship
3305,car
3306,plane
3307,ship
3308,frog
3309,plane
3310,cat
3311,deer
3312,bird
3313,car
3314,dog
3315,car
3316,truck
3317,bird
3318,deer
3319,truck
3320,ship
3321,cat
3322,car
3323,dog
3324,cat
3325,plane
3326,deer
3327,cat
3328,car
3329,dog
3330,cat
3331,bird
3332,frog
3333,horse
3334,car
3335,bird
3336,truck
3337,cat
3338,ship
3339,horse
3340,car
3341,car
3342,horse
3343,plane
3344,cat
3345,frog
3346,ship
3347,frog
3348,ship
3349,dog
3350,frog
3351,car
3352,ship
3353,plane
3354,cat
3355,dog
3356,truck
3357,truck
3358,bird
3359,plane
3360,horse
3361,horse
3362,car
3363,car
3364,deer
3365,deer
3366,horse
3367,ship
3368,dog
3369,truck
3370,plane
3371,plane
3372,truck
3373,frog
3374,dog
3375,deer
3376,ship
3377,truck
3378,horse
3379,ship
3380,frog
3381,ship
3382,horse
3383,plane
3384,frog
3385,frog
3386,ship
3387,deer
3388,deer
3389,bird
3390,plane
3391,ship
3392,ship
3393,frog
3394,truck
3395,ship
3396,ship
3397,cat
3398,cat
3399,truck
3400,cat
3401,truck
3402,horse
3403,cat
3404,horse
3405,car
3406,bird
3407,horse
3408,horse
3409,frog
3410,frog
3411,truck
3412,horse
3413,truck
3414,ship
3415,horse
3416,cat
3417,ship
3418,dog
3419,ship
3420,frog
3421,dog
3422,car
3423,dog
3424,ship
3425,truck
3426,plane
3427,dog
3428,truck
3429,plane
3430,car
3431,frog
3432,car
3433,ship
3434,car
3435,frog
3436,horse
3437,truck
3438,car
3439,car
3440,car
3441,frog
3442,dog
3443,car
3444,bird
3445,truck
3446,dog
3447,car
3448,bird
3449,dog
3450,dog
3451,truck
3452,plane
3453,cat
3454,bird
3455,truck
3456,frog
3457,plane
3458,plane
3459,plane
3460,frog
3461,car
3462,cat
3463,truck
3464,plane
3465,car
3466,ship
3467,bird
3468,cat
3469,ship
3470,plane
3471,deer
3472,frog
3473,dog
3474,plane
3475,cat
3476,car
3477,car
3478,truck
3479,car
3480,deer
3481,dog
3482,ship
3483,frog
3484,car
3485,truck
3486,frog
3487,ship
3488,car
3489,plane
3490,plane
3491,plane
3492,deer
3493,dog
3494,ship
3495,deer
3496,plane
3497,plane
3498,car
3499,dog
3500,car
3501,frog
3502,plane
3503,plane
3504,bird
3505,ship
3506,ship
3507,frog
3508,truck
3509,cat
3510,ship
3511,horse
3512,dog
3513,plane
3514,deer
3515,deer
3516,plane
3517,ship
3518,deer
3519,frog
3520,deer
3521,plane
3522,ship
3523,frog
3524,truck
3525,deer
3526,car
3527,car
3528,cat
3529,ship
3530,horse
3531,bird
3532,dog
3533,plane
3534,deer
3535,ship
3536,truck
3537,cat
3538,frog
3539,car
3540,car
3541,horse
3542,plane
3543,cat
3544,ship
3545,frog
3546,cat
3547,dog
3548,bird
3549,frog
3550,car
3551,horse
3552,car
3553,deer
3554,cat
3555,truck
3556,ship
3557,plane
3558,plane
3559,car
3560,cat
3561,cat
3562,cat
3563,plane
3564,ship
3565,horse
3566,deer
3567,frog
3568,frog
3569,frog
3570,horse
3571,truck
3572,deer
3573,ship
3574,plane
3575,frog
3576,dog
3577,bird
3578,deer
3579,plane
3580,cat
3581,horse
3582,horse
3583,frog
3584,bird
3585,plane
3586,ship
3587,ship
3588,plane
3589,deer
3590,truck
3591,truck
3592,truck
3593,frog
3594,cat
3595,plane
3596,ship
3597,car
3598,car
3599,car
3600,car
3601,ship
3602,truck
3603,ship
3604,car
3605,truck
3606,horse
3607,deer
3608,truck
3609,truck
3610,deer
3611,frog
3612,dog
3613,bird
3614,dog
3615,ship
3616,truck
3617,ship
3618,ship
3619,horse
3620,bird
3621,deer
3622,plane
3623,ship
3624,bird
3625,deer
3626,ship
3627,horse
3628,frog
3629,horse
3630,cat
3631,dog
3632,ship
3633,cat
3634,deer
3635,car
3636,truck
3637,bird
3638,bird
3639,deer
3640,frog
3641,dog
3642,plane
3643,cat
3644,plane
3645,car
3646,plane
3647,dog
3648,horse
3649,truck
3650,bird
3651,dog
3652,plane
3653,frog
3654,bird
3655,deer
3656,horse
3657,cat
3658,deer
3659,horse
3660,truck
3661,bird
3662,car
3663,car
3664,cat
3665,ship
3666,frog
3667,ship
3668,bird
3669,ship
3670,frog
3671,bird
3672,deer
3673,car
3674,horse
3675,truck
3676,frog
3677,dog
3678,bird
3679,horse
3680,cat
3681,dog
3682,truck
3683,dog
3684,bird
3685,dog
3686,car
3687,car
3688,dog
3689,truck
3690,dog
3691,horse
3692,truck
3693,car
3694,horse
3695,truck
3696,plane
3697,bird
3698,car
3699,cat
3700,frog
3701,car
3702,frog
3703,ship
3704,dog
3705,ship
3706,deer
3707,dog
3708,dog
3709,truck
3710,car
3711,car
3712,horse
3713,horse
3714,cat
3715,truck
3716,frog
3717,car
3718,deer
3719,plane
3720,dog
3721,car
3722,dog
3723,deer
3724,ship
3725,frog
3726,frog
3727,bird
3728,deer
3729,horse
3730,deer
3731,bird
3732,horse
3733,frog
3734,horse
3735,deer
3736,deer
3737,cat
3738,cat
3739,horse
3740,ship
3741,car
3742,deer
3743,truck
3744,car
3745,ship
3746,frog
3747,deer
3748,dog
3749,frog
3750,horse
3751,car
3752,plane
3753,plane
3754,bird
3755,frog
3756,car
3757,dog
3758,cat
3759,horse
3760,truck
3761,plane
3762,truck
3763,deer
3764,frog
3765,truck
3766,car
3767,plane
3768,ship
3769,ship
3770,ship
3771,horse
3772,car
3773,cat
3774,dog
3775,truck
3776,dog
3777,car
3778,car
3779,ship
3780,horse
3781,truck
3782,bird
3783,frog
3784,horse
3785,frog
3786,car
3787,car
3788,plane
3789,frog
3790,ship
3791,truck
3792,horse
3793,dog
3794,frog
3795,frog
3796,dog
3797,plane
3798,frog
3799,truck
3800,ship
3801,car
3802,ship
3803,car
3804,deer
3805,truck
3806,truck
3807,dog
3808,car
3809,frog
3810,ship
3811,frog
3812,ship
3813,frog
3814,frog
3815,bird
3816,cat
3817,frog
3818,truck
3819,dog
3820,deer
3821,bird
3822,car
3823,ship
3824,horse
3825,frog
3826,horse
3827,truck
3828,bird
3829,plane
3830,bird
3831,plane
3832,horse
3833,car
3834,cat
3835,truck
3836,truck
3837,bird
3838,frog
3839,horse
3840,car
3841,dog
3842,car
3843,car
3844,bird
3845,car
3846,truck
3847,dog
3848,car
3849,dog
3850,cat
3851,deer
3852,truck
3853,plane
3854,truck
3855,dog
3856,cat
3857,frog
3858,car
3859,car
3860,plane
3861,frog
3862,horse
3863,horse
3864,deer
3865,frog
3866,bird
3867,bird
3868,frog
3869,truck
3870,ship
3871,cat
3872,horse
3873,ship
3874,deer
3875,dog
3876,truck
3877,deer
3878,frog
3879,bird
3880,deer
3881,ship
3882,truck
3883,truck
3884,horse
3885,ship
3886,plane
3887,frog
3888,dog
3889,car
3890,horse
3891,horse
3892,ship
3893,cat
3894,dog
3895,dog
3896,ship
3897,horse
3898,bird
3899,car
3900,truck
3901,deer
3902,bird
3903,truck
3904,car
3905,car
3906,plane
3907,deer
3908,dog
3909,ship
3910,dog
3911,truck
3912,cat
3913,horse
3914,truck
3915,plane
3916,cat
3917,cat
3918,deer
3919,ship
3920,horse
3921,cat
3922,truck
3923,dog
3924,car
3925,horse
3926,truck
3927,car
3928,ship
3929,car
3930,cat
3931,ship
3932,dog
3933,ship
3934,frog
3935,dog
3936,plane
3937,frog
3938,frog
3939,cat
3940,ship
3941,deer
3942,horse
3943,deer
3944,ship
3945,deer
3946,horse
3947,cat
3948,ship
3949,horse
3950,car
3951,deer
3952,horse
3953,ship
3954,deer
3955,plane
3956,bird
3957,cat
3958,dog
3959,car
3960,dog
3961,plane
3962,truck
3963,dog
3964,plane
3965,truck
3966,horse
3967,car
3968,cat
3969,frog
3970,dog
3971,bird
3972,car
3973,cat
3974,bird
3975,bird
3976,dog
3977,cat
3978,deer
3979,deer
3980,ship
3981,car
3982,frog
3983,deer
3984,frog
3985,cat
3986,horse
3987,bird
3988,car
3989,plane
3990,horse
3991,ship
3992,frog
3993,bird
3994,truck
3995,truck
3996,cat
3997,deer
3998,truck
3999,frog
4000,deer
4001,dog
4002,horse
4003,cat
4004,horse
4005,frog
4006,deer
4007,ship
4008,truck
4009,plane
4010,cat
4011,cat
4012,frog
4013,plane
4014,plane
4015,deer
4016,bird
4017,truck
4018,deer
4019,deer
4020,dog
4021,ship
4022,cat
4023,car
4024,deer
4025,bird
4026,cat
4027,plane
4028,cat
4029,frog
4030,car
4031,truck
4032,cat
4033,frog
4034,frog
4035,frog
4036,ship
4037,cat
4038,bird
4039,frog
4040,deer
4041,ship
4042,truck
4043,horse
4044,truck
4045,truck
4046,car
4047,dog
4048,plane
4049,horse
4050,bird
4051,dog
4052,cat
4053,car
4054,bird
4055,horse
4056,cat
4057,car
4058,frog
4059,deer
4060,deer
4061,cat
4062,deer
4063,bird
4064,horse
4065,car
4066,bird
4067,deer
4068,plane
4069,horse
4070,horse
4071,dog
4072,frog
4073,cat
4074,truck
4075,deer
4076,cat
4077,plane
4078,horse
4079,horse
4080,horse
4081,horse
4082,horse
4083,truck
4084,ship
4085,truck
4086,dog
4087,ship
4088,plane
4089,frog
4090,cat
4091,ship
4092,plane
4093,car
4094,frog
4095,ship
4096,deer
4097,car
4098,plane
4099,horse
4100,frog
4101,horse
4102,horse
4103,cat
4104,bird
4105,plane
4106,frog
4107,car
4108,frog
4109,dog
4110,ship
4111,dog
4112,frog
4113,dog
4114,ship
4115,cat
4116,car
4117,cat
4118,dog
4119,plane
4120,cat
4121,cat
4122,plane
4123,dog
4124,horse
4125,bird
4126,frog
4127,dog
4128,truck
4129,bird
4130,cat
4131,frog
4132,ship
4133,dog
4134,dog
4135,ship
4136,bird
4137,deer
4138,bird
4139,frog
4140,ship
4141,ship
4142,car
4143,truck
4144,frog
4145,ship
4146,truck
4147,frog
4148,frog
4149,frog
4150,bird
4151,plane
4152,truck
4153,plane
4154,car
4155,bird
4156,dog
4157,truck
4158,deer
4159,dog
4160,plane
4161,ship
4162,dog
4163,horse
4164,bird
4165,plane
4166,car
4167,plane
4168,ship
4169,deer
4170,truck
4171,horse
4172,ship
4173,ship
4174,cat
4175,dog
4176,deer
4177,deer
4178,dog
4179,frog
4180,bird
4181,cat
4182,ship
4183,bird
4184,car
4185,frog
4186,deer
4187,dog
4188,bird
4189,frog
4190,truck
4191,dog
4192,cat
4193,truck
4194,cat
4195,car
4196,ship
4197,car
4198,truck
4199,cat
4200,plane
4201,plane
4202,frog
4203,cat
4204,truck
4205,plane
4206,cat
4207,ship
4208,car
4209,car
4210,deer
4211,cat
4212,ship
4213,ship
4214,car
4215,ship
4216,bird
4217,truck
4218,bird
4219,truck
4220,plane
4221,horse
4222,cat
4223,cat
4224,deer
4225,bird
4226,ship
4227,deer
4228,dog
4229,deer
4230,ship
4231,frog
4232,frog
4233,frog
4234,plane
4235,frog
4236,cat
4237,deer
4238,car
4239,deer
4240,car
4241,truck
4242,truck
4243,plane
4244,car
4245,dog
4246,dog
4247,ship
4248,horse
4249,dog
4250,dog
4251,car
4252,bird
4253,frog
4254,plane
4255,plane
4256,frog
4257,ship
4258,horse
4259,deer
4260,bird
4261,plane
4262,ship
4263,horse
4264,car
4265,plane
4266,horse
4267,ship
4268,truck
4269,cat
4270,dog
4271,deer
4272,plane
4273,car
4274,car
4275,frog
4276,ship
4277,horse
4278,truck
4279,frog
4280,cat
4281,frog
4282,deer
4283,deer
4284,horse
4285,plane
4286,dog
4287,truck
4288,dog
4289,horse
4290,frog
4291,plane
4292,truck
4293,plane
4294,deer
4295,plane
4296,horse
4297,deer
4298,frog
4299,dog
4300,dog
4301,truck
4302,deer
4303,car
4304,cat
4305,car
4306,bird
4307,horse
4308,ship
4309,cat
4310,bird
4311,deer
4312,car
4313,cat
4314,car
4315,horse
4316,cat
4317,horse
4318,plane
4319,cat
4320,ship
4321,plane
4322,car
4323,truck
4324,horse
4325,car
4326,cat
4327,horse
4328,plane
4329,horse
4330,bird
4331,deer
4332,ship
4333,truck
4334,dog
4335,frog
4336,bird
4337,truck
4338,ship
4339,car
4340,ship
4341,cat
4342,frog
4343,frog
4344,horse
4345,plane
4346,plane
4347,dog
4348,bird
4349,plane
4350,horse
4351,plane
4352,ship
4353,bird
4354,ship
4355,bird
4356,horse
4357,ship
4358,horse
4359,truck
4360,cat
4361,cat
4362,ship
4363,bird
4364,car
4365,cat
4366,cat
4367,deer
4368,car
4369,plane
4370,horse
4371,deer
4372,horse
4373,car
4374,horse
4375,frog
4376,bird
4377,plane
4378,ship
4379,ship
4380,cat
4381,cat
4382,cat
4383,car
4384,truck
4385,cat
4386,horse
4387,frog
4388,plane
4389,ship
4390,ship
4391,truck
4392,truck
4393,cat
4394,bird
4395,cat
4396,frog
4397,truck
4398,truck
4399,plane
4400,plane
4401,cat
4402,truck
4403,truck
4404,dog
4405,cat
4406,horse
4407,deer
4408,deer
4409,deer
4410,ship
4411,dog
4412,deer
4413,truck
4414,truck
4415,cat
4416,frog
4417,cat
4418,ship
4419,frog
4420,frog
4421,ship
4422,truck
4423,frog
4424,deer
4425,frog
4426,deer
4427,car
4428,car
4429,ship
4430,car
4431,cat
4432,car
4433,truck
4434,frog
4435,car
4436,car
4437,deer
4438,truck
4439,truck
4440,truck
4441,plane
4442,truck
4443,deer
4444,bird
4445,deer
4446,plane
4447,plane
4448,frog
4449,deer
4450,horse
4451,ship
4452,plane
4453,cat
4454,ship
4455,cat
4456,horse
4457,horse
4458,deer
4459,car
4460,cat
4461,ship
4462,dog
4463,car
4464,bird
4465,dog
4466,deer
4467,horse
4468,frog
4469,deer
4470,bird
4471,bird
4472,horse
4473,cat
4474,plane
4475,cat
4476,truck
4477,frog
4478,frog
4479,horse
4480,frog
4481,car
4482,plane
4483,bird
4484,dog
4485,bird
4486,truck
4487,car
4488,dog
4489,dog
4490,ship
4491,dog
4492,plane
4493,ship
4494,dog
4495,cat
4496,bird
4497,horse
4498,plane
4499,car
4500,plane
4501,frog
4502,truck
4503,car
4504,deer
4505,horse
4506,ship
4507,horse
4508,horse
4509,cat
4510,frog
4511,bird
4512,dog
4513,dog
4514,frog
4515,ship
4516,truck
4517,bird
4518,plane
4519,plane
4520,ship
4521,deer
4522,dog
4523,car
4524,frog
4525,deer
4526,truck
4527,plane
4528,bird
4529,deer
4530,plane
4531,plane
4532,dog
4533,bird
4534,ship
4535,bird
4536,horse
4537,deer
4538,dog
4539,ship
4540,car
4541,dog
4542,plane
4543,bird
4544,cat
4545,frog
4546,truck
4547,truck
4548,bird
4549,deer
4550,cat
4551,truck
4552,frog
4553,ship
4554,truck
4555,dog
4556,ship
4557,deer
4558,deer
4559,ship
4560,cat
4561,truck
4562,truck
4563,ship
4564,ship
4565,truck
4566,cat
4567,deer
4568,cat
4569,bird
4570,dog
4571,frog
4572,dog
4573,frog
4574,bird
4575,deer
4576,ship
4577,horse
4578,ship
4579,ship
4580,plane
4581,frog
4582,cat
4583,horse
4584,dog
4585,truck
4586,bird
4587,ship
4588,deer
4589,truck
4590,frog
4591,horse
4592,ship
4593,truck
4594,dog
4595,plane
4596,frog
4597,truck
4598,horse
4599,deer
4600,deer
4601,car
4602,car
4603,car
4604,ship
4605,cat
4606,cat
4607,frog
4608,frog
4609,ship
4610,horse
4611,frog
4612,car
4613,dog
4614,car
4615,plane
4616,dog
4617,cat
4618,horse
4619,truck
4620,frog
4621,car
4622,bird
4623,frog
4624,frog
4625,deer
4626,truck
4627,dog
4628,car
4629,frog
4630,dog
4631,ship
4632,plane
4633,truck
4634,frog
4635,deer
4636,frog
4637,horse
4638,plane
4639,truck
4640,truck
4641,frog
4642,dog
4643,frog
4644,truck
4645,cat
4646,plane
4647,bird
4648,deer
4649,horse
4650,car
4651,frog
4652,deer
4653,cat
4654,bird
4655,bird
4656,deer
4657,truck
4658,cat
4659,frog
4660,dog
4661,ship
4662,plane
4663,car
4664,ship
4665,horse
4666,dog
4667,truck
4668,truck
4669,car
4670,horse
4671,deer
4672,cat
4673,horse
4674,frog
4675,plane
4676,deer
4677,plane
4678,dog
4679,dog
4680,ship
4681,car
4682,bird
4683,frog
4684,plane
4685,ship
4686,deer
4687,car
4688,dog
4689,cat
4690,car
4691,truck
4692,bird
4693,horse
4694,dog
4695,car
4696,deer
4697,car
4698,horse
4699,bird
4700,frog
4701,frog
4702,deer
4703,bird
4704,ship
4705,cat
4706,horse
4707,ship
4708,plane
4709,horse
4710,frog
4711,ship
4712,truck
4713,deer
4714,horse
4715,dog
4716,plane
4717,frog
4718,deer
4719,frog
4720,cat
4721,frog
4722,frog
4723,horse
4724,frog
4725,plane
4726,car
4727,frog
4728,cat
4729,car
4730,deer
4731,ship
4732,bird
4733,horse
4734,cat
4735,cat
4736,plane
4737,frog
4738,car
4739,dog
4740,bird
4741,truck
4742,plane
4743,ship
4744,truck
4745,ship
4746,bird
4747,truck
4748,ship
4749,plane
4750,car
4751,cat
4752,deer
4753,car
4754,ship
4755,plane
4756,frog
4757,cat
4758,car
4759,horse
4760,ship
4761,frog
4762,car
4763,cat
4764,truck
4765,frog
4766,ship
4767,deer
4768,frog
4769,dog
4770,dog
4771,plane
4772,frog
4773,car
4774,car
4775,car
4776,plane
4777,frog
4778,truck
4779,plane
4780,frog
4781,truck
4782,deer
4783,bird
4784,deer
4785,frog
4786,ship
4787,frog
4788,horse
4789,truck
4790,plane
4791,deer
4792,ship
4793,plane
4794,plane
4795,car
4796,car
4797,ship
4798,cat
4799,cat
4800,cat
4801,frog
4802,frog
4803,plane
4804,dog
4805,plane
4806,frog
4807,car
4808,car
4809,frog
4810,cat
4811,car
4812,dog
4813,deer
4814,dog
4815,cat
4816,deer
4817,horse
4818,cat
4819,cat
4820,frog
4821,frog
4822,ship
4823,bird
4824,horse
4825,dog
4826,ship
4827,ship
4828,frog
4829,dog
4830,bird
4831,bird
4832,plane
4833,bird
4834,dog
4835,frog
4836,truck
4837,horse
4838,truck
4839,plane
4840,cat
4841,truck
4842,cat
4843,frog
4844,bird
4845,deer
4846,truck
4847,plane
4848,frog
4849,ship
4850,cat
4851,dog
4852,plane
4853,plane
4854,dog
4855,plane
4856,ship
4857,bird
4858,truck
4859,truck
4860,ship
4861,frog
4862,car
4863,dog
4864,ship
4865,plane
4866,bird
4867,horse
4868,frog
4869,deer
4870,dog
4871,cat
4872,plane
4873,ship
4874,ship
4875,ship
4876,car
4877,frog
4878,truck
4879,dog
4880,dog
4881,plane
4882,cat
4883,plane
4884,frog
4885,frog
4886,ship
4887,frog
4888,frog
4889,cat
4890,deer
4891,car
4892,frog
4893,plane
4894,truck
4895,horse
4896,car
4897,ship
4898,cat
4899,plane
4900,car
4901,frog
4902,cat
4903,plane
4904,deer
4905,deer
4906,frog
4907,truck
4908,deer
4909,frog
4910,cat
4911,deer
4912,deer
4913,cat
4914,truck
4915,frog
4916,car
4917,plane
4918,dog
4919,plane
4920,horse
4921,dog
4922,frog
4923,truck
4924,car
4925,cat
4926,car
4927,cat
4928,ship
4929,truck
4930,bird
4931,cat
4932,deer
4933,horse
4934,plane
4935,dog
4936,cat
4937,deer
4938,cat
4939,truck
4940,frog
4941,dog
4942,truck
4943,car
4944,cat
4945,deer
4946,dog
4947,dog
4948,bird
4949,frog
4950,bird
4951,truck
4952,deer
4953,deer
4954,car
4955,cat
4956,horse
4957,car
4958,horse
4959,plane
4960,car
4961,horse
4962,ship
4963,ship
4964,ship
4965,plane
4966,ship
4967,plane
4968,car
4969,horse
4970,cat
4971,dog
4972,car
4973,deer
4974,truck
4975,deer
4976,bird
4977,dog
4978,ship
4979,dog
4980,frog
4981,plane
4982,plane
4983,horse
4984,ship
4985,ship
4986,frog
4987,deer
4988,truck
4989,truck
4990,ship
4991,cat
4992,ship
4993,dog
4994,dog
4995,cat
4996,frog
4997,plane
4998,plane
4999,deer
5000,frog
5001,frog
5002,dog
5003,horse
5004,deer
5005,car
5006,ship
5007,ship
5008,bird
5009,truck
5010,frog
5011,dog
5012,car
5013,dog
5014,cat
5015,truck
5016,cat
5017,bird
5018,truck
5019,car
5020,car
5021,ship
5022,car
5023,dog
5024,ship
5025,frog
5026,deer
5027,frog
5028,deer
5029,dog
5030,ship
5031,deer
5032,car
5033,plane
5034,car
5035,ship
5036,car
5037,truck
5038,dog
5039,dog
5040,frog
5041,cat
5042,ship
5043,cat
5044,horse
5045,truck
5046,frog
5047,car
5048,plane
5049,truck
5050,bird
5051,car
5052,plane
5053,deer
5054,ship
5055,ship
5056,ship
5057,ship
5058,car
5059,cat
5060,cat
5061,horse
5062,ship
5063,deer
5064,ship
5065,frog
5066,plane
5067,deer
5068,ship
5069,bird
5070,deer
5071,truck
5072,horse
5073,horse
5074,ship
5075,deer
5076,plane
5077,ship
5078,deer
5079,plane
5080,horse
5081,horse
5082,frog
5083,car
5084,horse
5085,plane
5086,car
5087,ship
5088,plane
5089,ship
5090,car
5091,car
5092,car
5093,ship
5094,plane
5095,plane
5096,plane
5097,plane
5098,horse
5099,ship
5100,truck
5101,ship
5102,car
5103,ship
5104,plane
5105,horse
5106,cat
5107,deer
5108,frog
5109,car
5110,horse
5111,frog
5112,truck
5113,ship
5114,plane
5115,plane
5116,ship
5117,ship
5118,bird
5119,plane
5120,plane
5121,cat
5122,ship
5123,frog
5124,truck
5125,deer
5126,ship
5127,truck
5128,truck
5129,ship
5130,car
5131,frog
5132,car
5133,horse
5134,car
5135,dog
5136,dog
5137,car
5138,plane
5139,car
5140,frog
5141,cat
5142,dog
5143,plane
5144,truck
5145,frog
5146,plane
5147,ship
5148,truck
5149,cat
5150,cat
5151,plane
5152,truck
5153,truck
5154,plane
5155,deer
5156,cat
5157,car
5158,horse
5159,car
5160,car
5161,ship
5162,car
5163,ship
5164,ship
5165,ship
5166,cat
5167,bird
5168,frog
5169,frog
5170,plane
5171,frog
5172,bird
5173,plane
5174,frog
5175,horse
5176,truck
5177,ship
5178,car
5179,horse
5180,bird
5181,bird
5182,dog
5183,horse
5184,frog
5185,deer
5186,car
5187,plane
5188,ship
5189,car
5190,truck
5191,car
5192,cat
5193,dog
5194,horse
5195,dog
5196,bird
5197,deer
5198,plane
5199,truck
5200,ship
5201,dog
5202,cat
5203,plane
5204,bird
5205,plane
5206,deer
5207,truck
5208,cat
5209,deer
5210,deer
5211,deer
5212,horse
5213,frog
5214,plane
5215,cat
5216,car
5217,truck
5218,dog
5219,truck
5220,car
5221,deer
5222,dog
5223,truck
5224,car
5225,deer
5226,frog
5227,car
5228,deer
5229,deer
5230,dog
5231,deer
5232,ship
5233,truck
5234,frog
5235,plane
5236,plane
5237,deer
5238,plane
5239,truck
5240,plane
5241,dog
5242,truck
5243,frog
5244,cat
5245,cat
5246,frog
5247,plane
5248,dog
5249,plane
5250,bird
5251,car
5252,ship
5253,truck
5254,horse
5255,car
5256,plane
5257,frog
5258,horse
5259,cat
5260,frog
5261,plane
5262,car
5263,dog
5264,ship
5265,frog
5266,bird
5267,frog
5268,dog
5269,plane
5270,bird
5271,deer
5272,frog
5273,ship
5274,deer
5275,dog
5276,horse
5277,plane
5278,horse
5279,car
5280,cat
5281,plane
5282,ship
5283,dog
5284,truck
5285,plane
5286,cat
5287,truck
5288,frog
5289,deer
5290,truck
5291,cat
5292,deer
5293,truck
5294,bird
5295,frog
5296,plane
5297,deer
5298,truck
5299,bird
5300,cat
5301,truck
5302,ship
5303,deer
5304,plane
5305,horse
5306,bird
5307,plane
5308,plane
5309,plane
5310,bird
5311,horse
5312,frog
5313,horse
5314,plane
5315,truck
5316,truck
5317,horse
5318,ship
5319,ship
5320,horse
5321,cat
5322,car
5323,dog
5324,dog
5325,bird
5326,horse
5327,car
5328,bird
5329,ship
5330,bird
5331,truck
5332,car
5333,ship
5334,cat
5335,cat
5336,ship
5337,cat
5338,horse
5339,dog
5340,ship
5341,frog
5342,horse
5343,horse
5344,dog
5345,plane
5346,truck
5347,plane
5348,car
5349,plane
5350,truck
5351,car
5352,ship
5353,cat
5354,car
5355,plane
5356,ship
5357,frog
5358,dog
5359,cat
5360,deer
5361,dog
5362,horse
5363,cat
5364,dog
5365,dog
5366,bird
5367,plane
5368,plane
5369,ship
5370,dog
5371,ship
5372,frog
5373,bird
5374,car
5375,dog
5376,plane
5377,dog
5378,ship
5379,bird
5380,cat
5381,truck
5382,ship
5383,truck
5384,car
5385,horse
5386,ship
5387,ship
5388,car
5389,horse
5390,ship
5391,frog
5392,plane
5393,truck
5394,car
5395,dog
5396,cat
5397,horse
5398,bird
5399,car
5400,ship
5401,truck
5402,cat
5403,bird
5404,bird
5405,plane
5406,frog
5407,horse
5408,truck
5409,truck
5410,horse
5411,plane
5412,deer
5413,ship
5414,truck
5415,cat
5416,plane
5417,frog
5418,dog
5419,ship
5420,frog
5421,ship
5422,car
5423,car
5424,truck
5425,deer
5426,dog
5427,deer
5428,horse
5429,car
5430,truck
5431,plane
5432,bird
5433,cat
5434,horse
5435,horse
5436,dog
5437,plane
5438,ship
5439,truck
5440,car
5441,frog
5442,ship
5443,frog
5444,car
5445,frog
5446,plane
5447,cat
5448,cat
5449,horse
5450,truck
5451,cat
5452,deer
5453,truck
5454,ship
5455,deer
5456,dog
5457,horse
5458,horse
5459,car
5460,plane
5461,plane
5462,dog
5463,ship
5464,ship
5465,bird
5466,ship
5467,cat
5468,ship
5469,dog
5470,cat
5471,dog
5472,car
5473,bird
5474,ship
5475,truck
5476,frog
5477,deer
5478,ship
5479,cat
5480,cat
5481,car
5482,car
5483,plane
5484,ship
5485,horse
5486,frog
5487,cat
5488,truck
5489,plane
5490,dog
5491,horse
5492,dog
5493,frog
5494,ship
5495,deer
5496,plane
5497,ship
5498,dog
5499,bird
5500,car
5501,frog
5502,truck
5503,plane
5504,truck
5505,ship
5506,truck
5507,ship
5508,frog
5509,horse
5510,truck
5511,cat
5512,bird
5513,ship
5514,frog
5515,frog
5516,ship
5517,frog
5518,plane
5519,plane
5520,horse
5521,car
5522,ship
5523,cat
5524,truck
5525,plane
5526,horse
5527,car
5528,truck
5529,deer
5530,ship
5531,deer
5532,car
5533,horse
5534,car
5535,frog
5536,dog
5537,truck
5538,bird
5539,car
5540,frog
5541,ship
5542,dog
5543,bird
5544,truck
5545,bird
5546,deer
5547,horse
5548,plane
5549,deer
5550,truck
5551,deer
5552,horse
5553,ship
5554,plane
5555,plane
5556,ship
5557,deer
5558,bird
5559,deer
5560,deer
5561,deer
5562,bird
5563,ship
5564,frog
5565,ship
5566,car
5567,horse
5568,cat
5569,plane
5570,ship
5571,horse
5572,truck
5573,truck
5574,truck
5575,plane
5576,horse
5577,bird
5578,dog
5579,cat
5580,plane
5581,cat
5582,plane
5583,horse
5584,ship
5585,plane
5586,bird
5587,frog
5588,dog
5589,deer
5590,deer
5591,truck
5592,cat
5593,frog
5594,horse
5595,car
5596,car
5597,dog
5598,dog
5599,dog
5600,cat
5601,ship
5602,car
5603,car
5604,frog
5605,cat
5606,truck
5607,ship
5608,deer
5609,frog
5610,cat
5611,truck
5612,ship
5613,cat
5614,deer
5615,car
5616,horse
5617,frog
5618,cat
5619,dog
5620,bird
5621,deer
5622,plane
5623,cat
5624,bird
5625,ship
5626,bird
5627,frog
5628,horse
5629,truck
5630,plane
5631,car
5632,dog
5633,dog
5634,plane
5635,frog
5636,truck
5637,deer
5638,frog
5639,horse
5640,frog
5641,dog
5642,car
5643,frog
5644,cat
5645,ship
5646,dog
5647,plane
5648,ship
5649,ship
5650,ship
5651,deer
5652,truck
5653,truck
5654,frog
5655,ship
5656,ship
5657,frog
5658,bird
5659,frog
5660,horse
5661,deer
5662,deer
5663,horse
5664,truck
5665,cat
5666,plane
5667,cat
5668,frog
5669,plane
5670,frog
5671,frog
5672,plane
5673,deer
5674,bird
5675,bird
5676,frog
5677,ship
5678,car
5679,bird
5680,horse
5681,frog
5682,frog
5683,horse
5684,bird
5685,horse
5686,ship
5687,car
5688,dog
5689,frog
5690,plane
5691,cat
5692,plane
5693,frog
5694,horse
5695,frog
5696,truck
5697,plane
5698,plane
5699,bird
5700,cat
5701,car
5702,car
5703,truck
5704,cat
5705,plane
5706,horse
5707,horse
5708,car
5709,cat
5710,bird
5711,horse
5712,truck
5713,frog
5714,truck
5715,truck
5716,cat
5717,ship
5718,truck
5719,horse
5720,plane
5721,dog
5722,plane
5723,horse
5724,car
5725,frog
5726,frog
5727,car
5728,frog
5729,frog
5730,deer
5731,dog
5732,car
5733,deer
5734,ship
5735,ship
5736,car
5737,plane
5738,ship
5739,truck
5740,plane
5741,ship
5742,ship
5743,cat
5744,deer
5745,car
5746,ship
5747,truck
5748,ship
5749,dog
5750,car
5751,truck
5752,frog
5753,frog
5754,plane
5755,truck
5756,ship
5757,horse
5758,deer
5759,cat
5760,dog
5761,frog
5762,dog
5763,truck
5764,deer
5765,truck
5766,bird
5767,cat
5768,frog
5769,cat
5770,truck
5771,plane
5772,frog
5773,car
5774,horse
5775,truck
5776,horse
5777,frog
5778,deer
5779,horse
5780,car
5781,horse
5782,horse
5783,frog
5784,ship
5785,deer
5786,bird
5787,deer
5788,car
5789,ship
5790,deer
5791,deer
5792,frog
5793,ship
5794,deer
5795,frog
5796,bird
5797,bird
5798,deer
5799,car
5800,bird
5801,cat
5802,cat
5803,ship
5804,plane
5805,deer
5806,horse
5807,frog
5808,horse
5809,plane
5810,plane
5811,ship
5812,car
5813,car
5814,cat
5815,horse
5816,plane
5817,plane
5818,ship
5819,car
5820,bird
5821,frog
5822,ship
5823,car
5824,plane
5825,frog
5826,cat
5827,car
5828,frog
5829,deer
5830,dog
5831,frog
5832,plane
5833,frog
5834,horse
5835,ship
5836,ship
5837,frog
5838,deer
5839,truck
5840,deer
5841,truck
5842,truck
5843,horse
5844,truck
5845,truck
5846,cat
5847,car
5848,cat
5849,truck
5850,plane
5851,bird
5852,dog
5853,deer
5854,car
5855,dog
5856,dog
5857,deer
5858,car
5859,ship
5860,car
5861,horse
5862,truck
5863,dog
5864,deer
5865,plane
5866,plane
5867,horse
5868,plane
5869,truck
5870,plane
5871,deer
5872,car
5873,car
5874,car
5875,frog
5876,ship
5877,bird
5878,car
5879,car
5880,horse
5881,cat
5882,cat
5883,cat
5884,dog
5885,bird
5886,cat
5887,cat
5888,ship
5889,truck
5890,plane
5891,car
5892,plane
5893,ship
5894,frog
5895,frog
5896,bird
5897,frog
5898,horse
5899,car
5900,plane
5901,truck
5902,deer
5903,ship
5904,dog
5905,horse
5906,car
5907,dog
5908,frog
5909,plane
5910,dog
5911,frog
5912,truck
5913,bird
5914,horse
5915,plane
5916,horse
5917,horse
5918,bird
5919,plane
5920,cat
5921,dog
5922,car
5923,truck
5924,frog
5925,truck
5926,frog
5927,cat
5928,truck
5929,plane
5930,ship
5931,dog
5932,deer
5933,frog
5934,frog
5935,car
5936,car
5937,ship
5938,ship
5939,cat
5940,deer
5941,bird
5942,plane
5943,car
5944,horse
5945,ship
5946,ship
5947,plane
5948,truck
5949,frog
5950,dog
5951,ship
5952,bird
5953,deer
5954,bird
5955,frog
5956,dog
5957,ship
5958,horse
5959,deer
5960,truck
5961,cat
5962,frog
5963,deer
5964,horse
5965,horse
5966,frog
5967,frog
5968,ship
5969,truck
5970,car
5971,deer
5972,horse
5973,ship
5974,ship
5975,frog
5976,truck
5977,dog
5978,deer
5979,plane
5980,deer
5981,car
5982,car
5983,ship
5984,dog
5985,car
5986,plane
5987,bird
5988,ship
5989,plane
5990,dog
5991,dog
5992,ship
5993,plane
5994,dog
5995,truck
5996,dog
5997,horse
5998,cat
5999,horse
6000,deer
6001,bird
6002,plane
6003,bird
6004,ship
6005,car
6006,car
6007,cat
6008,dog
6009,frog
6010,cat
6011,ship
6012,frog
6013,cat
6014,plane
6015,dog
6016,plane
6017,cat
6018,bird
6019,plane
6020,frog
6021,truck
6022,frog
6023,frog
6024,deer
6025,horse
6026,car
6027,car
6028,frog
6029,horse
6030,bird
6031,bird
6032,deer
6033,dog
6034,dog
6035,deer
6036,frog
6037,deer
6038,horse
6039,ship
6040,frog
6041,cat
6042,plane
6043,truck
6044,dog
6045,truck
6046,truck
6047,dog
6048,truck
6049,truck
6050,ship
6051,bird
6052,dog
6053,car
6054,horse
6055,horse
6056,deer
6057,horse
6058,cat
6059,dog
6060,horse
6061,plane
6062,truck
6063,plane
6064,car
6065,horse
6066,bird
6067,bird
6068,frog
6069,frog
6070,truck
6071,frog
6072,frog
6073,frog
6074,frog
6075,frog
6076,cat
6077,truck
6078,plane
6079,cat
6080,dog
6081,cat
6082,dog
6083,frog
6084,frog
6085,cat
6086,cat
6087,horse
6088,bird
6089,truck
6090,plane
6091,truck
6092,bird
6093,plane
6094,truck
6095,bird
6096,car
6097,truck
6098,plane
6099,truck
6100,frog
6101,cat
6102,dog
6103,ship
6104,bird
6105,plane
6106,truck
6107,horse
6108,plane
6109,truck
6110,plane
6111,frog
6112,plane
6113,dog
6114,truck
6115,horse
6116,plane
6117,truck
6118,plane
6119,ship
6120,truck
6121,bird
6122,dog
6123,truck
6124,deer
6125,cat
6126,ship
6127,plane
6128,horse
6129,car
6130,car
6131,ship
6132,bird
6133,dog
6134,ship
6135,bird
6136,bird
6137,horse
6138,frog
6139,cat
6140,car
6141,bird
6142,frog
6143,deer
6144,bird
6145,deer
6146,deer
6147,car
6148,plane
6149,truck
6150,cat
6151,cat
6152,horse
6153,plane
6154,dog
6155,truck
6156,cat
6157,cat
6158,plane
6159,plane
6160,frog
6161,frog
6162,dog
6163,cat
6164,truck
6165,ship
6166,ship
6167,cat
6168,plane
6169,truck
6170,cat
6171,frog
6172,plane
6173,plane
6174,bird
6175,truck
6176,plane
6177,horse
6178,bird
6179,frog
6180,bird
6181,horse
6182,horse
6183,cat
6184,dog
6185,plane
6186,bird
6187,plane
6188,horse
6189,ship
6190,horse
6191,frog
6192,car
6193,dog
6194,cat
6195,bird
6196,cat
6197,truck
6198,plane
6199,frog
6200,cat
6201,frog
6202,truck
6203,ship
6204,frog
6205,car
6206,bird
6207,bird
6208,dog
6209,car
6210,horse
6211,dog
6212,deer
6213,truck
6214,car
6215,ship
6216,dog
6217,truck
6218,plane
6219,dog
6220,cat
6221,car
6222,cat
6223,plane
6224,truck
6225,bird
6226,dog
6227,dog
6228,car
6229,plane
6230,truck
6231,bird
6232,deer
6233,plane
6234,bird
6235,frog
6236,plane
6237,ship
6238,frog
6239,dog
6240,bird
6241,truck
6242,truck
6243,car
6244,cat
6245,cat
6246,plane
6247,car
6248,frog
6249,horse
6250,truck
6251,truck
6252,truck
6253,plane
6254,cat
6255,car
6256,horse
6257,car
6258,bird
6259,horse
6260,deer
6261,car
6262,plane
6263,car
6264,deer
6265,car
6266,truck
6267,deer
6268,frog
6269,frog
6270,horse
6271,bird
6272,horse
6273,truck
6274,frog
6275,cat
6276,truck
6277,dog
6278,dog
6279,truck
6280,frog
6281,deer
6282,deer
6283,deer
6284,cat
6285,ship
6286,frog
6287,frog
6288,car
6289,frog
6290,car
6291,dog
6292,frog
6293,ship
6294,car
6295,ship
6296,truck
6297,frog
6298,bird
6299,truck
6300,plane
6301,dog
6302,cat
6303,plane
6304,frog
6305,truck
6306,horse
6307,horse
6308,car
6309,ship
6310,deer
6311,bird
6312,ship
6313,deer
6314,car
6315,car
6316,ship
6317,car
6318,car
6319,deer
6320,cat
6321,frog
6322,cat
6323,ship
6324,horse
6325,car
6326,truck
6327,dog
6328,plane
6329,horse
6330,dog
6331,truck
6332,cat
6333,ship
6334,horse
6335,deer
6336,cat
6337,bird
6338,horse
6339,plane
6340,cat
6341,cat
6342,frog
6343,ship
6344,ship
6345,cat
6346,plane
6347,frog
6348,plane
6349,bird
6350,bird
6351,plane
6352,car
6353,cat
6354,plane
6355,car
6356,frog
6357,car
6358,bird
6359,truck
6360,frog
6361,ship
6362,truck
6363,ship
6364,car
6365,car
6366,plane
6367,truck
6368,ship
6369,horse
6370,plane
6371,horse
6372,cat
6373,truck
6374,dog
6375,horse
6376,frog
6377,horse
6378,bird
6379,car
6380,frog
6381,truck
6382,plane
6383,deer
6384,dog
6385,dog
6386,dog
6387,frog
6388,cat
6389,horse
6390,ship
6391,truck
6392,frog
6393,truck
6394,dog
6395,horse
6396,cat
6397,ship
6398,car
6399,frog
6400,plane
6401,bird
6402,cat
6403,car
6404,deer
6405,frog
6406,truck
6407,horse
6408,truck
6409,horse
6410,bird
6411,deer
6412,truck
6413,dog
6414,bird
6415,truck
6416,car
6417,truck
6418,dog
6419,dog
6420,deer
6421,dog
6422,car
6423,bird
6424,frog
6425,dog
6426,deer
6427,ship
6428,horse
6429,ship
6430,cat
6431,deer
6432,plane
6433,cat
6434,ship
6435,frog
6436,bird
6437,frog
6438,frog
6439,ship
6440,deer
6441,cat
6442,horse
6443,horse
6444,ship
6445,cat
6446,bird
6447,deer
6448,ship
6449,ship
6450,truck
6451,deer
6452,deer
6453,deer
6454,cat
6455,dog
6456,car
6457,frog
6458,deer
6459,cat
6460,frog
6461,car
6462,car
6463,car
6464,deer
6465,frog
6466,ship
6467,frog
6468,frog
6469,deer
6470,cat
6471,car
6472,car
6473,plane
6474,plane
6475,deer
6476,horse
6477,dog
6478,ship
6479,car
6480,plane
6481,horse
6482,bird
6483,car
6484,horse
6485,frog
6486,dog
6487,frog
6488,ship
6489,cat
6490,bird
6491,cat
6492,deer
6493,truck
6494,ship
6495,car
6496,deer
6497,frog
6498,horse
6499,horse
6500,dog
6501,ship
6502,bird
6503,deer
6504,truck
6505,truck
6506,plane
6507,plane
6508,horse
6509,frog
6510,cat
6511,car
6512,bird
6513,plane
6514,ship
6515,truck
6516,cat
6517,cat
6518,plane
6519,truck
6520,ship
6521,truck
6522,dog
6523,frog
6524,ship
6525,bird
6526,plane
6527,cat
6528,horse
6529,horse
6530,car
6531,ship
6532,deer
6533,cat
6534,car
6535,truck
6536,truck
6537,deer
6538,truck
6539,car
6540,deer
6541,cat
6542,dog
6543,frog
6544,ship
6545,truck
6546,bird
6547,frog
6548,dog
6549,plane
6550,deer
6551,ship
6552,frog
6553,ship
6554,bird
6555,dog
6556,cat
6557,ship
6558,truck
6559,bird
6560,ship
6561,dog
6562,dog
6563,truck
6564,frog
6565,frog
6566,deer
6567,car
6568,frog
6569,frog
6570,deer
6571,ship
6572,dog
6573,plane
6574,bird
6575,car
6576,truck
6577,car
6578,frog
6579,plane
6580,cat
6581,truck
6582,deer
6583,plane
6584,ship
6585,truck
6586,ship
6587,deer
6588,truck
6589,cat
6590,dog
6591,plane
6592,truck
6593,frog
6594,dog
6595,cat
6596,bird
6597,truck
6598,ship
6599,car
6600,truck
6601,ship
6602,frog
6603,frog
6604,deer
6605,plane
6606,deer
6607,frog
6608,bird
6609,truck
6610,deer
6611,ship
6612,frog
6613,truck
6614,car
6615,bird
6616,frog
6617,truck
6618,bird
6619,cat
6620,dog
6621,frog
6622,dog
6623,deer
6624,horse
6625,horse
6626,horse
6627,dog
6628,plane
6629,dog
6630,bird
6631,ship
6632,dog
6633,cat
6634,cat
6635,plane
6636,bird
6637,bird
6638,horse
6639,cat
6640,ship
6641,frog
6642,horse
6643,frog
6644,bird
6645,frog
6646,plane
6647,bird
6648,plane
6649,frog
6650,frog
6651,plane
6652,horse
6653,truck
6654,truck
6655,truck
6656,car
6657,deer
6658,dog
6659,truck
6660,horse
6661,horse
6662,frog
6663,bird
6664,cat
6665,ship
6666,plane
6667,frog
6668,ship
6669,dog
6670,dog
6671,dog
6672,frog
6673,car
6674,frog
6675,cat
6676,car
6677,ship
6678,plane
6679,ship
6680,bird
6681,bird
6682,dog
6683,bird
6684,deer
6685,frog
6686,cat
6687,bird
6688,ship
6689,bird
6690,bird
6691,ship
6692,truck
6693,deer
6694,bird
6695,plane
6696,car
6697,ship
6698,ship
6699,ship
6700,plane
6701,frog
6702,car
6703,bird
6704,plane
6705,ship
6706,frog
6707,deer
6708,plane
6709,bird
6710,plane
6711,dog
6712,plane
6713,plane
6714,frog
6715,deer
6716,horse
6717,frog
6718,deer
6719,horse
6720,plane
6721,plane
6722,ship
6723,dog
6724,horse
6725,bird
6726,bird
6727,horse
6728,deer
6729,car
6730,plane
6731,truck
6732,car
6733,deer
6734,truck
6735,horse
6736,dog
6737,dog
6738,bird
6739,dog
6740,ship
6741,ship
6742,dog
6743,ship
6744,plane
6745,frog
6746,horse
6747,deer
6748,dog
6749,ship
6750,dog
6751,ship
6752,deer
6753,horse
6754,ship
6755,dog
6756,car
6757,car
6758,dog
6759,ship
6760,plane
6761,deer
6762,car
6763,frog
6764,frog
6765,horse
6766,horse
6767,plane
6768,horse
6769,ship
6770,deer
6771,bird
6772,frog
6773,deer
6774,frog
6775,horse
6776,plane
6777,plane
6778,bird
6779,truck
6780,truck
6781,ship
6782,ship
6783,ship
6784,dog
6785,car
6786,horse
6787,plane
6788,deer
6789,truck
6790,car
6791,car
6792,dog
6793,cat
6794,truck
6795,plane
6796,frog
6797,ship
6798,cat
6799,deer
6800,horse
6801,frog
6802,ship
6803,bird
6804,plane
6805,frog
6806,truck
6807,car
6808,frog
6809,truck
6810,deer
6811,cat
6812,deer
6813,truck
6814,frog
6815,truck
6816,cat
6817,cat
6818,deer
6819,bird
6820,ship
6821,car
6822,bird
6823,car
6824,frog
6825,deer
6826,horse
6827,bird
6828,car
6829,bird
6830,horse
6831,car
6832,cat
6833,plane
6834,bird
6835,car
6836,frog
6837,frog
6838,horse
6839,ship
6840,truck
6841,car
6842,bird
6843,ship
6844,ship
6845,frog
6846,truck
6847,frog
6848,car
6849,car
6850,ship
6851,horse
6852,ship
6853,horse
6854,horse
6855,deer
6856,plane
6857,cat
6858,truck
6859,cat
6860,truck
6861,truck
6862,frog
6863,dog
6864,horse
6865,bird
6866,ship
6867,ship
6868,horse
6869,ship
6870,car
6871,bird
6872,frog
6873,deer
6874,frog
6875,bird
6876,dog
6877,ship
6878,horse
6879,deer
6880,bird
6881,frog
6882,ship
6883,horse
6884,deer
6885,ship
6886,bird
6887,ship
6888,frog
6889,plane
6890,deer
6891,horse
6892,deer
6893,horse
6894,ship
6895,cat
6896,dog
6897,plane
6898,horse
6899,deer
6900,deer
6901,plane
6902,car
6903,deer
6904,plane
6905,car
6906,truck
6907,frog
6908,deer
6909,horse
6910,truck
6911,car
6912,car
6913,cat
6914,bird
6915,dog
6916,plane
6917,frog
6918,horse
6919,plane
6920,truck
6921,car
6922,car
6923,plane
6924,truck
6925,frog
6926,deer
6927,cat
6928,dog
6929,truck
6930,deer
6931,horse
6932,car
6933,frog
6934,dog
6935,frog
6936,deer
6937,truck
6938,truck
6939,dog
6940,dog
6941,horse
6942,ship
6943,cat
6944,frog
6945,truck
6946,dog
6947,deer
6948,frog
6949,cat
6950,frog
6951,ship
6952,frog
6953,car
6954,deer
6955,cat
6956,dog
6957,deer
6958,truck
6959,frog
6960,plane
6961,deer
6962,dog
6963,dog
6964,dog
6965,car
6966,car
6967,plane
6968,ship
6969,horse
6970,ship
6971,frog
6972,car
6973,car
6974,ship
6975,dog
6976,frog
6977,plane
6978,ship
6979,deer
6980,bird
6981,frog
6982,bird
6983,cat
6984,plane
6985,truck
6986,truck
6987,cat
6988,car
6989,deer
6990,dog
6991,dog
6992,truck
6993,ship
6994,dog
6995,deer
6996,bird
6997,horse
6998,dog
6999,ship
7000,ship
7001,car
7002,plane
7003,dog
7004,cat
7005,horse
7006,dog
7007,horse
7008,plane
7009,plane
7010,frog
7011,ship
7012,deer
7013,bird
7014,ship
7015,dog
7016,frog
7017,plane
7018,bird
7019,horse
7020,bird
7021,bird
7022,cat
7023,horse
7024,dog
7025,cat
7026,deer
7027,frog
7028,frog
7029,ship
7030,frog
7031,plane
7032,plane
7033,truck
7034,bird
7035,dog
7036,ship
7037,deer
7038,frog
7039,frog
7040,plane
7041,horse
7042,car
7043,horse
7044,bird
7045,truck
7046,plane
7047,horse
7048,ship
7049,cat
7050,dog
7051,ship
7052,bird
7053,dog
7054,plane
7055,bird
7056,frog
7057,ship
7058,cat
7059,frog
7060,car
7061,car
7062,horse
7063,bird
7064,plane
7065,ship
7066,plane
7067,frog
7068,bird
7069,bird
7070,frog
7071,horse
7072,frog
7073,dog
7074,horse
7075,horse
7076,ship
7077,ship
7078,car
7079,frog
7080,horse
7081,plane
7082,ship
7083,truck
7084,plane
7085,ship
7086,truck
7087,horse
7088,car
7089,horse
7090,dog
7091,plane
7092,horse
7093,plane
7094,deer
7095,dog
7096,ship
7097,car
7098,frog
7099,ship
7100,plane
7101,dog
7102,horse
7103,car
7104,plane
7105,horse
7106,car
7107,ship
7108,frog
7109,truck
7110,ship
7111,ship
7112,ship
7113,ship
7114,frog
7115,cat
7116,cat
7117,bird
7118,horse
7119,frog
7120,car
7121,cat
7122,truck
7123,car
7124,frog
7125,truck
7126,car
7127,horse
7128,cat
7129,ship
7130,bird
7131,frog
7132,truck
7133,horse
7134,cat
7135,car
7136,plane
7137,dog
7138,ship
7139,plane
7140,deer
7141,ship
7142,cat
7143,plane
7144,frog
7145,ship
7146,cat
7147,car
7148,truck
7149,deer
7150,frog
7151,dog
7152,horse
7153,dog
7154,horse
7155,ship
7156,plane
7157,deer
7158,truck
7159,truck
7160,plane
7161,deer
7162,horse
7163,horse
7164,ship
7165,frog
7166,truck
7167,frog
7168,ship
7169,bird
7170,car
7171,plane
7172,dog
7173,frog
7174,truck
7175,truck
7176,horse
7177,deer
7178,frog
7179,truck
7180,truck
7181,truck
7182,dog
7183,ship
7184,frog
7185,car
7186,frog
7187,dog
7188,frog
7189,car
7190,truck
7191,car
7192,deer
7193,car
7194,plane
7195,car
7196,truck
7197,ship
7198,deer
7199,ship
7200,frog
7201,plane
7202,ship
7203,frog
7204,ship
7205,truck
7206,plane
7207,dog
7208,car
7209,deer
7210,horse
7211,dog
7212,deer
7213,ship
7214,ship
7215,truck
7216,dog
7217,cat
7218,car
7219,frog
7220,horse
7221,frog
7222,car
7223,frog
7224,ship
7225,deer
7226,plane
7227,dog
7228,frog
7229,dog
7230,car
7231,plane
7232,cat
7233,frog
7234,horse
7235,horse
7236,plane
7237,truck
7238,cat
7239,plane
7240,deer
7241,bird
7242,car
7243,frog
7244,horse
7245,plane
7246,bird
7247,car
7248,frog
7249,bird
7250,cat
7251,cat
7252,plane
7253,plane
7254,dog
7255,truck
7256,truck
7257,bird
7258,cat
7259,frog
7260,bird
7261,truck
7262,truck
7263,cat
7264,ship
7265,truck
7266,ship
7267,car
7268,dog
7269,dog
7270,plane
7271,car
7272,plane
7273,car
7274,plane
7275,plane
7276,cat
7277,ship
7278,truck
7279,ship
7280,frog
7281,deer
7282,bird
7283,cat
7284,ship
7285,ship
7286,truck
7287,bird
7288,dog
7289,bird
7290,bird
7291,ship
7292,truck
7293,bird
7294,truck
7295,horse
7296,ship
7297,horse
7298,cat
7299,dog
7300,truck
7301,deer
7302,bird
7303,car
7304,frog
7305,deer
7306,bird
7307,truck
7308,frog
7309,truck
7310,dog
7311,plane
7312,plane
7313,ship
7314,dog
7315,horse
7316,dog
7317,horse
7318,deer
7319,horse
7320,frog
7321,car
7322,dog
7323,cat
7324,dog
7325,plane
7326,cat
7327,truck
7328,truck
7329,deer
7330,bird
7331,dog
7332,ship
7333,frog
7334,ship
7335,horse
7336,cat
7337,ship
7338,car
7339,plane
7340,ship
7341,car
7342,deer
7343,cat
7344,frog
7345,bird
7346,frog
7347,car
7348,ship
7349,deer
7350,dog
7351,plane
7352,bird
7353,deer
7354,car
7355,frog
7356,bird
7357,frog
7358,truck
7359,horse
7360,ship
7361,cat
7362,ship
7363,deer
7364,cat
7365,car
7366,bird
7367,bird
7368,dog
7369,deer
7370,horse
7371,cat
7372,truck
7373,frog
7374,cat
7375,deer
7376,horse
7377,ship
7378,frog
7379,bird
7380,ship
7381,truck
7382,horse
7383,car
7384,car
7385,dog
7386,deer
7387,deer
7388,cat
7389,deer
7390,horse
7391,car
7392,plane
7393,frog
7394,frog
7395,frog
7396,truck
7397,deer
7398,bird
7399,deer
7400,deer
7401,frog
7402,bird
7403,car
7404,truck
7405,horse
7406,deer
7407,cat
7408,plane
7409,truck
7410,plane
7411,truck
7412,cat
7413,frog
7414,frog
7415,dog
7416,car
7417,frog
7418,dog
7419,bird
7420,ship
7421,bird
7422,car
7423,truck
7424,horse
7425,bird
7426,dog
7427,car
7428,dog
7429,horse
7430,car
7431,deer
7432,cat
7433,car
7434,truck
7435,plane
7436,truck
7437,dog
7438,truck
7439,frog
7440,dog
7441,frog
7442,dog
7443,cat
7444,cat
7445,ship
7446,dog
7447,car
7448,bird
7449,frog
7450,dog
7451,dog
7452,ship
7453,ship
7454,frog
7455,dog
7456,ship
7457,ship
7458,bird
7459,plane
7460,bird
7461,cat
7462,frog
7463,deer
7464,cat
7465,dog
7466,horse
7467,dog
7468,ship
7469,deer
7470,dog
7471,ship
7472,cat
7473,plane
7474,truck
7475,truck
7476,car
7477,frog
7478,cat
7479,frog
7480,dog
7481,bird
7482,frog
7483,truck
7484,truck
7485,ship
7486,frog
7487,car
7488,car
7489,deer
7490,bird
7491,dog
7492,truck
7493,frog
7494,plane
7495,bird
7496,bird
7497,bird
7498,horse
7499,frog
7500,dog
7501,ship
7502,cat
7503,ship
7504,truck
7505,horse
7506,dog
7507,deer
7508,dog
7509,ship
7510,truck
7511,frog
7512,frog
7513,plane
7514,horse
7515,frog
7516,car
7517,truck
7518,deer
7519,deer
7520,cat
7521,car
7522,bird
7523,bird
7524,dog
7525,deer
7526,dog
7527,frog
7528,cat
7529,deer
7530,plane
7531,horse
7532,frog
7533,ship
7534,truck
7535,dog
7536,ship
7537,deer
7538,deer
7539,horse
7540,frog
7541,cat
7542,truck
7543,deer
7544,horse
7545,plane
7546,plane
7547,deer
7548,truck
7549,truck
7550,truck
7551,bird
7552,frog
7553,cat
7554,frog
7555,ship
7556,frog
7557,frog
7558,cat
7559,ship
7560,deer
7561,plane
7562,ship
7563,plane
7564,horse
7565,frog
7566,deer
7567,truck
7568,deer
7569,ship
7570,horse
7571,cat
7572,truck
7573,plane
7574,deer
7575,bird
7576,truck
7577,deer
7578,plane
7579,frog
7580,dog
7581,deer
7582,bird
7583,car
7584,deer
7585,horse
7586,car
7587,deer
7588,cat
7589,frog
7590,bird
7591,bird
7592,car
7593,bird
7594,deer
7595,car
7596,car
7597,cat
7598,bird
7599,truck
7600,frog
7601,frog
7602,truck
7603,frog
7604,ship
7605,car
7606,dog
7607,truck
7608,frog
7609,dog
7610,truck
7611,cat
7612,frog
7613,car
7614,deer
7615,frog
7616,car
7617,car
7618,bird
7619,cat
7620,frog
7621,cat
7622,horse
7623,truck
7624,bird
7625,truck
7626,bird
7627,bird
7628,plane
7629,deer
7630,car
7631,car
7632,car
7633,bird
7634,truck
7635,frog
7636,car
7637,frog
7638,deer
7639,plane
7640,dog
7641,frog
7642,horse
7643,ship
7644,horse
7645,deer
7646,truck
7647,horse
7648,frog
7649,ship
7650,car
7651,truck
7652,bird
7653,frog
7654,plane
7655,dog
7656,ship
7657,horse
7658,cat
7659,bird
7660,frog
7661,dog
7662,truck
7663,plane
7664,horse
7665,frog
7666,frog
7667,horse
7668,dog
7669,ship
7670,truck
7671,horse
7672,ship
7673,horse
7674,ship
7675,dog
7676,frog
7677,frog
7678,car
7679,deer
7680,bird
7681,frog
7682,truck
7683,deer
7684,bird
7685,dog
7686,bird
7687,ship
7688,frog
7689,frog
7690,car
7691,deer
7692,bird
7693,horse
7694,bird
7695,dog
7696,dog
7697,truck
7698,horse
7699,cat
7700,truck
7701,ship
7702,ship
7703,truck
7704,car
7705,bird
7706,dog
7707,deer
7708,ship
7709,car
7710,horse
7711,bird
7712,horse
7713,cat
7714,ship
7715,frog
7716,truck
7717,dog
7718,horse
7719,cat
7720,bird
7721,dog
7722,truck
7723,ship
7724,frog
7725,bird
7726,frog
7727,plane
7728,cat
7729,car
7730,plane
7731,frog
7732,cat
7733,deer
7734,frog
7735,dog
7736,frog
7737,ship
7738,dog
7739,ship
7740,frog
7741,truck
7742,plane
7743,car
7744,frog
7745,truck
7746,deer
7747,bird
7748,plane
7749,truck
7750,plane
7751,car
7752,ship
7753,cat
7754,frog
7755,truck
7756,deer
7757,deer
7758,dog
7759,car
7760,horse
7761,horse
7762,truck
7763,ship
7764,frog
7765,frog
7766,horse
7767,horse
7768,ship
7769,ship
7770,truck
7771,plane
7772,truck
7773,cat
7774,horse
7775,horse
7776,dog
7777,plane
7778,dog
7779,frog
7780,cat
7781,ship
7782,dog
7783,horse
7784,frog
7785,car
7786,car
7787,horse
7788,car
7789,cat
7790,plane
7791,bird
7792,ship
7793,deer
7794,dog
7795,horse
7796,deer
7797,truck
7798,bird
7799,ship
7800,truck
7801,frog
7802,car
7803,cat
7804,frog
7805,bird
7806,truck
7807,cat
7808,truck
7809,plane
7810,truck
7811,deer
7812,horse
7813,horse
7814,frog
7815,frog
7816,truck
7817,dog
7818,car
7819,plane
7820,frog
7821,bird
7822,bird
7823,frog
7824,cat
7825,cat
7826,ship
7827,ship
7828,deer
7829,bird
7830,dog
7831,bird
7832,dog
7833,ship
7834,truck
7835,car
7836,bird
7837,plane
7838,cat
7839,car
7840,truck
7841,frog
7842,deer
7843,dog
7844,dog
7845,ship
7846,deer
7847,bird
7848,dog
7849,bird
7850,ship
7851,bird
7852,car
7853,horse
7854,ship
7855,frog
7856,ship
7857,dog
7858,plane
7859,cat
7860,horse
7861,plane
7862,deer
7863,deer
7864,car
7865,ship
7866,dog
7867,ship
7868,frog
7869,ship
7870,truck
7871,horse
7872,car
7873,truck
7874,bird
7875,frog
7876,frog
7877,plane
7878,horse
7879,plane
7880,car
7881,bird
7882,horse
7883,frog
7884,frog
7885,dog
7886,car
7887,cat
7888,truck
7889,bird
7890,frog
7891,car
7892,frog
7893,ship
7894,car
7895,plane
7896,plane
7897,truck
7898,bird
7899,ship
7900,car
7901,dog
7902,ship
7903,frog
7904,dog
7905,car
7906,car
7907,ship
7908,cat
7909,car
7910,frog
7911,dog
7912,bird
7913,deer
7914,horse
7915,ship
7916,plane
7917,horse
7918,truck
7919,plane
7920,truck
7921,plane
7922,car
7923,bird
7924,bird
7925,bird
7926,bird
7927,deer
7928,truck
7929,ship
7930,ship
7931,ship
7932,dog
7933,truck
7934,truck
7935,frog
7936,bird
7937,truck
7938,deer
7939,cat
7940,plane
7941,car
7942,truck
7943,cat
7944,deer
7945,bird
7946,ship
7947,ship
7948,bird
7949,dog
7950,frog
7951,frog
7952,ship
7953,frog
7954,car
7955,plane
7956,ship
7957,cat
7958,dog
7959,plane
7960,plane
7961,deer
7962,car
7963,frog
7964,plane
7965,frog
7966,truck
7967,deer
7968,truck
7969,truck
7970,cat
7971,truck
7972,car
7973,truck
7974,truck
7975,deer
7976,car
7977,cat
7978,plane
7979,deer
7980,truck
7981,deer
7982,horse
7983,dog
7984,frog
7985,bird
7986,plane
7987,truck
7988,frog
7989,horse
7990,deer
7991,truck
7992,frog
7993,truck
7994,car
7995,frog
7996,horse
7997,car
7998,deer
7999,frog
8000,cat
8001,ship
8002,plane
8003,ship
8004,car
8005,horse
8006,ship
8007,truck
8008,ship
8009,horse
8010,dog
8011,dog
8012,plane
8013,truck
8014,frog
8015,bird
8016,truck
8017,plane
8018,plane
8019,truck
8020,frog
8021,horse
8022,car
8023,ship
8024,ship
8025,car
8026,cat
8027,cat
8028,truck
8029,deer
8030,dog
8031,dog
8032,deer
8033,ship
8034,car
8035,car
8036,truck
8037,bird
8038,bird
8039,frog
8040,truck
8041,ship
8042,deer
8043,dog
8044,frog
8045,bird
8046,car
8047,ship
8048,dog
8049,frog
8050,car
8051,dog
8052,cat
8053,ship
8054,truck
8055,cat
8056,dog
8057,bird
8058,bird
8059,plane
8060,cat
8061,plane
8062,frog
8063,bird
8064,plane
8065,cat
8066,horse
8067,horse
8068,ship
8069,bird
8070,cat
8071,deer
8072,frog
8073,dog
8074,ship
8075,horse
8076,ship
8077,car
8078,bird
8079,truck
8080,plane
8081,cat
8082,dog
8083,ship
8084,car
8085,truck
8086,plane
8087,ship
8088,truck
8089,car
8090,horse
8091,ship
8092,ship
8093,frog
8094,ship
8095,horse
8096,frog
8097,frog
8098,ship
8099,car
8100,cat
8101,frog
8102,frog
8103,truck
8104,frog
8105,truck
8106,bird
8107,frog
8108,truck
8109,horse
8110,truck
8111,truck
8112,car
8113,car
8114,frog
8115,dog
8116,car
8117,cat
8118,horse
8119,plane
8120,bird
8121,truck
8122,deer
8123,plane
8124,car
8125,plane
8126,ship
8127,car
8128,frog
8129,plane
8130,frog
8131,bird
8132,horse
8133,cat
8134,frog
8135,frog
8136,deer
8137,plane
8138,deer
8139,horse
8140,horse
8141,plane
8142,horse
8143,plane
8144,frog
8145,ship
8146,deer
8147,ship
8148,horse
8149,dog
8150,horse
8151,car
8152,car
8153,frog
8154,truck
8155,dog
8156,car
8157,ship
8158,bird
8159,dog
8160,plane
8161,truck
8162,cat
8163,dog
8164,frog
8165,car
8166,truck
8167,car
8168,bird
8169,truck
8170,car
8171,ship
8172,horse
8173,ship
8174,plane
8175,dog
8176,frog
8177,frog
8178,frog
8179,dog
8180,ship
8181,frog
8182,ship
8183,car
8184,cat
8185,frog
8186,dog
8187,car
8188,car
8189,truck
8190,ship
8191,dog
8192,frog
8193,cat
8194,horse
8195,car
8196,car
8197,deer
8198,ship
8199,deer
8200,cat
8201,truck
8202,ship
8203,ship
8204,horse
8205,cat
8206,truck
8207,car
8208,car
8209,deer
8210,horse
8211,bird
8212,plane
8213,plane
8214,cat
8215,dog
8216,ship
8217,frog
8218,truck
8219,car
8220,horse
8221,plane
8222,dog
8223,deer
8224,truck
8225,horse
8226,car
8227,ship
8228,car
8229,plane
8230,cat
8231,deer
8232,deer
8233,horse
8234,dog
8235,horse
8236,horse
8237,deer
8238,frog
8239,horse
8240,plane
8241,deer
8242,dog
8243,frog
8244,truck
8245,dog
8246,frog
8247,frog
8248,plane
8249,deer
8250,truck
8251,plane
8252,car
8253,truck
8254,deer
8255,plane
8256,horse
8257,horse
8258,deer
8259,cat
8260,deer
8261,bird
8262,truck
8263,car
8264,truck
8265,cat
8266,bird
8267,bird
8268,ship
8269,cat
8270,horse
8271,car
8272,cat
8273,horse
8274,truck
8275,ship
8276,car
8277,cat
8278,horse
8279,plane
8280,plane
8281,ship
8282,ship
8283,car
8284,car
8285,car
8286,ship
8287,frog
8288,cat
8289,cat
8290,dog
8291,truck
8292,truck
8293,car
8294,ship
8295,deer
8296,deer
8297,frog
8298,bird
8299,truck
8300,plane
8301,ship
8302,bird
8303,frog
8304,plane
8305,plane
8306,car
8307,frog
8308,deer
8309,plane
8310,deer
8311,plane
8312,bird
8313,dog
8314,truck
8315,dog
8316,horse
8317,plane
8318,frog
8319,horse
8320,ship
8321,frog
8322,bird
8323,car
8324,ship
8325,car
8326,car
8327,frog
8328,dog
8329,ship
8330,horse
8331,car
8332,ship
8333,truck
8334,dog
8335,ship
8336,horse
8337,dog
8338,car
8339,dog
8340,car
8341,dog
8342,truck
8343,truck
8344,bird
8345,bird
8346,horse
8347,ship
8348,plane
8349,deer
8350,horse
8351,dog
8352,truck
8353,frog
8354,horse
8355,cat
8356,deer
8357,car
8358,car
8359,frog
8360,truck
8361,horse
8362,ship
8363,dog
8364,cat
8365,ship
8366,car
8367,horse
8368,cat
8369,truck
8370,horse
8371,bird
8372,truck
8373,deer
8374,frog
8375,ship
8376,truck
8377,frog
8378,bird
8379,car
8380,car
8381,ship
8382,truck
8383,bird
8384,cat
8385,frog
8386,bird
8387,frog
8388,frog
8389,cat
8390,ship
8391,truck
8392,truck
8393,ship
8394,frog
8395,car
8396,deer
8397,deer
8398,deer
8399,ship
8400,bird
8401,cat
8402,cat
8403,horse
8404,car
8405,plane
8406,plane
8407,frog
8408,horse
8409,frog
8410,frog
8411,ship
8412,bird
8413,frog
8414,frog
8415,car
8416,car
8417,plane
8418,dog
8419,frog
8420,plane
8421,ship
8422,plane
8423,car
8424,truck
8425,truck
8426,dog
8427,cat
8428,dog
8429,ship
8430,frog
8431,truck
8432,truck
8433,dog
8434,truck
8435,frog
8436,truck
8437,plane
8438,frog
8439,ship
8440,cat
8441,ship
8442,deer
8443,ship
8444,deer
8445,frog
8446,dog
8447,truck
8448,truck
8449,bird
8450,cat
8451,horse
8452,car
8453,frog
8454,frog
8455,frog
8456,deer
8457,ship
8458,plane
8459,frog
8460,car
8461,car
8462,cat
8463,cat
8464,horse
8465,deer
8466,frog
8467,bird
8468,bird
8469,truck
8470,dog
8471,frog
8472,dog
8473,deer
8474,ship
8475,bird
8476,dog
8477,deer
8478,plane
8479,deer
8480,horse
8481,ship
8482,deer
8483,ship
8484,plane
8485,car
8486,frog
8487,car
8488,frog
8489,truck
8490,car
8491,frog
8492,plane
8493,deer
8494,car
8495,cat
8496,frog
8497,ship
8498,plane
8499,ship
8500,bird
8501,truck
8502,truck
8503,ship
8504,ship
8505,car
8506,truck
8507,horse
8508,ship
8509,horse
8510,dog
8511,car
8512,truck
8513,bird
8514,dog
8515,car
8516,ship
8517,bird
8518,horse
8519,bird
8520,bird
8521,horse
8522,horse
8523,deer
8524,car
8525,truck
8526,car
8527,deer
8528,cat
8529,dog
8530,horse
8531,dog
8532,cat
8533,dog
8534,truck
8535,horse
8536,deer
8537,bird
8538,cat
8539,frog
8540,frog
8541,plane
8542,dog
8543,frog
8544,bird
8545,cat
8546,ship
8547,bird
8548,truck
8549,truck
8550,plane
8551,frog
8552,dog
8553,frog
8554,horse
8555,bird
8556,frog
8557,ship
8558,plane
8559,horse
8560,dog
8561,ship
8562,deer
8563,truck
8564,bird
8565,truck
8566,frog
8567,car
8568,plane
8569,cat
8570,plane
8571,truck
8572,deer
8573,horse
8574,ship
8575,horse
8576,plane
8577,ship
8578,deer
8579,dog
8580,deer
8581,dog
8582,car
8583,plane
8584,deer
8585,ship
8586,truck
8587,bird
8588,horse
8589,dog
8590,dog
8591,car
8592,plane
8593,frog
8594,plane
8595,frog
8596,frog
8597,plane
8598,horse
8599,cat
8600,deer
8601,ship
8602,car
8603,ship
8604,bird
8605,truck
8606,truck
8607,car
8608,cat
8609,dog
8610,plane
8611,dog
8612,deer
8613,ship
8614,bird
8615,deer
8616,plane
8617,truck
8618,frog
8619,plane
8620,horse
8621,ship
8622,deer
8623,plane
8624,car
8625,frog
8626,frog
8627,truck
8628,deer
8629,dog
8630,truck
8631,bird
8632,frog
8633,plane
8634,frog
8635,plane
8636,bird
8637,bird
8638,truck
8639,horse
8640,car
8641,car
8642,bird
8643,car
8644,cat
8645,deer
8646,car
8647,car
8648,deer
8649,cat
8650,ship
8651,plane
8652,plane
8653,plane
8654,plane
8655,deer
8656,plane
8657,car
8658,truck
8659,truck
8660,bird
8661,deer
8662,frog
8663,frog
8664,horse
8665,horse
8666,ship
8667,truck
8668,horse
8669,ship
8670,horse
8671,car
8672,horse
8673,deer
8674,bird
8675,ship
8676,plane
8677,ship
8678,bird
8679,deer
8680,frog
8681,car
8682,car
8683,ship
8684,ship
8685,cat
8686,frog
8687,ship
8688,frog
8689,cat
8690,car
8691,frog
8692,frog
8693,truck
8694,cat
8695,cat
8696,truck
8697,deer
8698,dog
8699,truck
8700,deer
8701,plane
8702,frog
8703,horse
8704,horse
8705,truck
8706,horse
8707,dog
8708,deer
8709,horse
8710,horse
8711,horse
8712,ship
8713,plane
8714,frog
8715,truck
8716,ship
8717,frog
8718,frog
8719,truck
8720,bird
8721,plane
8722,horse
8723,frog
8724,car
8725,ship
8726,frog
8727,truck
8728,car
8729,frog
8730,frog
8731,car
8732,plane
8733,dog
8734,deer
8735,cat
8736,bird
8737,deer
8738,frog
8739,ship
8740,ship
8741,bird
8742,truck
8743,truck
8744,deer
8745,cat
8746,plane
8747,horse
8748,ship
8749,horse
8750,car
8751,bird
8752,bird
8753,truck
8754,truck
8755,dog
8756,frog
8757,frog
8758,truck
8759,bird
8760,dog
8761,ship
8762,dog
8763,truck
8764,horse
8765,horse
8766,bird
8767,ship
8768,frog
8769,plane
8770,bird
8771,car
8772,horse
8773,car
8774,bird
8775,dog
8776,deer
8777,ship
8778,car
8779,frog
8780,ship
8781,cat
8782,plane
8783,cat
8784,dog
8785,bird
8786,bird
8787,dog
8788,truck
8789,bird
8790,frog
8791,cat
8792,frog
8793,plane
8794,bird
8795,frog
8796,frog
8797,dog
8798,plane
8799,truck
8800,plane
8801,frog
8802,ship
8803,truck
8804,truck
8805,car
8806,bird
8807,plane
8808,horse
8809,cat
8810,horse
8811,dog
8812,frog
8813,dog
8814,deer
8815,truck
8816,horse
8817,deer
8818,horse
8819,frog
8820,truck
8821,cat
8822,cat
8823,deer
8824,cat
8825,horse
8826,cat
8827,deer
8828,dog
8829,cat
8830,plane
8831,horse
8832,plane
8833,car
8834,plane
8835,cat
8836,deer
8837,cat
8838,ship
8839,ship
8840,frog
8841,frog
8842,frog
8843,deer
8844,horse
8845,car
8846,deer
8847,ship
8848,plane
8849,ship
8850,dog
8851,ship
8852,ship
8853,frog
8854,bird
8855,car
8856,plane
8857,truck
8858,deer
8859,deer
8860,truck
8861,truck
8862,car
8863,plane
8864,bird
8865,cat
8866,plane
8867,car
8868,deer
8869,frog
8870,horse
8871,car
8872,ship
8873,car
8874,frog
8875,ship
8876,bird
8877,horse
8878,bird
8879,frog
8880,bird
8881,truck
8882,deer
8883,plane
8884,frog
8885,bird
8886,frog
8887,deer
8888,dog
8889,plane
8890,deer
8891,bird
8892,car
8893,truck
8894,plane
8895,ship
8896,car
8897,dog
8898,ship
8899,ship
8900,truck
8901,frog
8902,deer
8903,truck
8904,deer
8905,ship
8906,cat
8907,bird
8908,deer
8909,bird
8910,truck
8911,plane
8912,horse
8913,frog
8914,plane
8915,truck
8916,truck
8917,deer
8918,car
8919,ship
8920,car
8921,truck
8922,dog
8923,truck
8924,plane
8925,horse
8926,truck
8927,truck
8928,frog
8929,deer
8930,deer
8931,ship
8932,car
8933,car
8934,horse
8935,plane
8936,frog
8937,plane
8938,truck
8939,horse
8940,cat
8941,frog
8942,car
8943,ship
8944,plane
8945,plane
8946,horse
8947,car
8948,cat
8949,truck
8950,cat
8951,ship
8952,ship
8953,car
8954,frog
8955,ship
8956,dog
8957,car
8958,frog
8959,ship
8960,ship
8961,deer
8962,bird
8963,deer
8964,ship
8965,horse
8966,horse
8967,plane
8968,plane
8969,horse
8970,ship
8971,dog
8972,car
8973,car
8974,frog
8975,frog
8976,deer
8977,horse
8978,bird
8979,bird
8980,plane
8981,truck
8982,bird
8983,bird
8984,cat
8985,car
8986,cat
8987,ship
8988,frog
8989,dog
8990,frog
8991,ship
8992,cat
8993,ship
8994,cat
8995,frog
8996,horse
8997,dog
8998,plane
8999,ship
9000,horse
9001,ship
9002,bird
9003,dog
9004,bird
9005,cat
9006,ship
9007,dog
9008,bird
9009,bird
9010,car
9011,plane
9012,horse
9013,truck
9014,truck
9015,truck
9016,car
9017,cat
9018,deer
9019,deer
9020,car
9021,plane
9022,dog
9023,horse
9024,cat
9025,plane
9026,ship
9027,cat
9028,plane
9029,frog
9030,frog
9031,bird
9032,cat
9033,horse
9034,horse
9035,dog
9036,ship
9037,dog
9038,ship
9039,horse
9040,frog
9041,ship
9042,frog
9043,bird
9044,plane
9045,deer
9046,truck
9047,frog
9048,ship
9049,car
9050,car
9051,plane
9052,dog
9053,cat
9054,deer
9055,deer
9056,deer
9057,frog
9058,deer
9059,truck
9060,bird
9061,truck
9062,frog
9063,ship
9064,deer
9065,horse
9066,dog
9067,dog
9068,frog
9069,bird
9070,dog
9071,truck
9072,ship
9073,plane
9074,frog
9075,horse
9076,car
9077,bird
9078,car
9079,dog
9080,plane
9081,truck
9082,ship
9083,cat
9084,ship
9085,car
9086,deer
9087,horse
9088,bird
9089,dog
9090,ship
9091,ship
9092,plane
9093,car
9094,deer
9095,horse
9096,plane
9097,car
9098,horse
9099,ship
9100,truck
9101,plane
9102,truck
9103,frog
9104,bird
9105,cat
9106,bird
9107,truck
9108,car
9109,plane
9110,car
9111,dog
9112,cat
9113,ship
9114,horse
9115,plane
9116,horse
9117,truck
9118,car
9119,plane
9120,ship
9121,dog
9122,car
9123,cat
9124,ship
9125,horse
9126,dog
9127,frog
9128,ship
9129,horse
9130,truck
9131,cat
9132,ship
9133,cat
9134,cat
9135,car
9136,deer
9137,dog
9138,plane
9139,ship
9140,deer
9141,car
9142,truck
9143,frog
9144,truck
9145,cat
9146,frog
9147,truck
9148,ship
9149,deer
9150,plane
9151,truck
9152,plane
9153,frog
9154,horse
9155,frog
9156,horse
9157,truck
9158,ship
9159,plane
9160,horse
9161,car
9162,cat
9163,frog
9164,horse
9165,frog
9166,bird
9167,car
9168,ship
9169,truck
9170,cat
9171,dog
9172,car
9173,ship
9174,truck
9175,cat
9176,dog
9177,car
9178,car
9179,ship
9180,car
9181,frog
9182,truck
9183,cat
9184,car
9185,cat
9186,ship
9187,deer
9188,plane
9189,ship
9190,horse
9191,truck
9192,horse
9193,deer
9194,bird
9195,frog
9196,ship
9197,plane
9198,ship
9199,plane
9200,ship
9201,cat
9202,ship
9203,frog
9204,horse
9205,bird
9206,frog
9207,deer
9208,cat
9209,car
9210,frog
9211,cat
9212,frog
9213,car
9214,car
9215,ship
9216,cat
9217,cat
9218,deer
9219,ship
9220,cat
9221,frog
9222,truck
9223,plane
9224,deer
9225,truck
9226,ship
9227,ship
9228,bird
9229,frog
9230,frog
9231,car
9232,deer
9233,car
9234,truck
9235,car
9236,plane
9237,car
9238,ship
9239,truck
9240,dog
9241,ship
9242,truck
9243,plane
9244,cat
9245,dog
9246,truck
9247,horse
9248,deer
9249,ship
9250,cat
9251,ship
9252,frog
9253,horse
9254,cat
9255,truck
9256,car
9257,truck
9258,horse
9259,ship
9260,dog
9261,truck
9262,cat
9263,plane
9264,car
9265,plane
9266,ship
9267,bird
9268,deer
9269,frog
9270,dog
9271,bird
9272,plane
9273,horse
9274,bird
9275,cat
9276,car
9277,ship
9278,car
9279,frog
9280,dog
9281,truck
9282,horse
9283,bird
9284,plane
9285,car
9286,plane
9287,horse
9288,frog
9289,dog
9290,deer
9291,truck
9292,bird
9293,cat
9294,dog
9295,truck
9296,horse
9297,deer
9298,cat
9299,frog
9300,frog
9301,deer
9302,frog
9303,horse
9304,truck
9305,cat
9306,cat
9307,truck
9308,bird
9309,ship
9310,frog
9311,bird
9312,plane
9313,car
9314,frog
9315,truck
9316,truck
9317,frog
9318,plane
9319,cat
9320,plane
9321,dog
9322,cat
9323,truck
9324,bird
9325,deer
9326,horse
9327,horse
9328,ship
9329,car
9330,truck
9331,car
9332,dog
9333,bird
9334,horse
9335,dog
9336,deer
9337,frog
9338,dog
9339,truck
9340,plane
9341,truck
9342,plane
9343,frog
9344,deer
9345,cat
9346,car
9347,frog
9348,cat
9349,truck
9350,frog
9351,frog
9352,cat
9353,truck
9354,truck
9355,dog
9356,frog
9357,cat
9358,ship
9359,ship
9360,plane
9361,cat
9362,truck
9363,ship
9364,bird
9365,cat
9366,bird
9367,bird
9368,plane
9369,frog
9370,dog
9371,cat
9372,ship
9373,plane
9374,ship
9375,dog
9376,ship
9377,car
9378,truck
9379,horse
9380,car
9381,truck
9382,car
9383,plane
9384,bird
9385,ship
9386,frog
9387,car
9388,ship
9389,deer
9390,frog
9391,dog
9392,bird
9393,deer
9394,ship
9395,car
9396,plane
9397,dog
9398,ship
9399,car
9400,horse
9401,car
9402,truck
9403,cat
9404,dog
9405,ship
9406,bird
9407,truck
9408,dog
9409,plane
9410,truck
9411,frog
9412,cat
9413,car
9414,cat
9415,deer
9416,cat
9417,frog
9418,ship
9419,car
9420,dog
9421,plane
9422,deer
9423,car
9424,frog
9425,plane
9426,plane
9427,car
9428,truck
9429,dog
9430,ship
9431,dog
9432,frog
9433,dog
9434,frog
9435,plane
9436,horse
9437,ship
9438,dog
9439,deer
9440,frog
9441,truck
9442,ship
9443,deer
9444,bird
9445,plane
9446,cat
9447,horse
9448,plane
9449,frog
9450,bird
9451,horse
9452,plane
9453,dog
9454,truck
9455,bird
9456,deer
9457,car
9458,plane
9459,deer
9460,frog
9461,horse
9462,bird
9463,frog
9464,frog
9465,deer
9466,horse
9467,car
9468,dog
9469,plane
9470,car
9471,deer
9472,plane
9473,ship
9474,car
9475,ship
9476,deer
9477,frog
9478,ship
9479,ship
9480,plane
9481,bird
9482,plane
9483,plane
9484,horse
9485,frog
9486,horse
9487,ship
9488,bird
9489,cat
9490,bird
9491,truck
9492,deer
9493,ship
9494,plane
9495,cat
9496,horse
9497,horse
9498,bird
9499,truck
9500,horse
9501,deer
9502,dog
9503,plane
9504,bird
9505,dog
9506,cat
9507,horse
9508,truck
9509,truck
9510,dog
9511,bird
9512,dog
9513,horse
9514,frog
9515,frog
9516,frog
9517,deer
9518,dog
9519,dog
9520,ship
9521,plane
9522,car
9523,frog
9524,truck
9525,cat
9526,truck
9527,plane
9528,car
9529,truck
9530,cat
9531,plane
9532,horse
9533,frog
9534,ship
9535,plane
9536,ship
9537,deer
9538,horse
9539,horse
9540,horse
9541,horse
9542,cat
9543,ship
9544,deer
9545,car
9546,frog
9547,truck
9548,truck
9549,plane
9550,truck
9551,bird
9552,deer
9553,deer
9554,bird
9555,cat
9556,deer
9557,cat
9558,truck
9559,truck
9560,dog
9561,frog
9562,ship
9563,bird
9564,car
9565,truck
9566,dog
9567,deer
9568,deer
9569,bird
9570,ship
9571,dog
9572,plane
9573,cat
9574,truck
9575,horse
9576,cat
9577,deer
9578,plane
9579,frog
9580,ship
9581,cat
9582,deer
9583,deer
9584,car
9585,frog
9586,horse
9587,frog
9588,truck
9589,bird
9590,plane
9591,frog
9592,bird
9593,plane
9594,car
9595,cat
9596,dog
9597,dog
9598,dog
9599,bird
9600,frog
9601,frog
9602,dog
9603,cat
9604,car
9605,dog
9606,plane
9607,cat
9608,horse
9609,frog
9610,ship
9611,cat
9612,plane
9613,truck
9614,frog
9615,deer
9616,car
9617,cat
9618,horse
9619,deer
9620,horse
9621,truck
9622,truck
9623,frog
9624,ship
9625,dog
9626,plane
9627,bird
9628,bird
9629,frog
9630,bird
9631,truck
9632,plane
9633,cat
9634,car
9635,truck
9636,dog
9637,frog
9638,frog
9639,bird
9640,horse
9641,deer
9642,cat
9643,ship
9644,truck
9645,car
9646,bird
9647,cat
9648,deer
9649,horse
9650,horse
9651,plane
9652,horse
9653,ship
9654,plane
9655,car
9656,dog
9657,cat
9658,horse
9659,cat
9660,deer
9661,bird
9662,cat
9663,plane
9664,horse
9665,cat
9666,plane
9667,cat
9668,deer
9669,deer
9670,ship
9671,car
9672,frog
9673,cat
9674,ship
9675,cat
9676,dog
9677,frog
9678,dog
9679,horse
9680,bird
9681,dog
9682,truck
9683,truck
9684,plane
9685,cat
9686,truck
9687,horse
9688,horse
9689,deer
9690,truck
9691,car
9692,bird
9693,deer
9694,bird
9695,frog
9696,car
9697,cat
9698,frog
9699,truck
9700,dog
9701,dog
9702,ship
9703,deer
9704,plane
9705,ship
9706,cat
9707,bird
9708,ship
9709,truck
9710,truck
9711,ship
9712,ship
9713,bird
9714,horse
9715,car
9716,ship
9717,plane
9718,frog
9719,car
9720,frog
9721,car
9722,deer
9723,ship
9724,truck
9725,ship
9726,truck
9727,ship
9728,horse
9729,plane
9730,plane
9731,deer
9732,cat
9733,dog
9734,ship
9735,cat
9736,plane
9737,car
9738,horse
9739,dog
9740,plane
9741,cat
9742,plane
9743,dog
9744,plane
9745,frog
9746,cat
9747,deer
9748,ship
9749,cat
9750,truck
9751,bird
9752,car
9753,frog
9754,cat
9755,bird
9756,car
9757,plane
9758,horse
9759,horse
9760,horse
9761,car
9762,horse
9763,car
9764,truck
9765,frog
9766,car
9767,bird
9768,deer
9769,car
9770,ship
9771,ship
9772,ship
9773,ship
9774,truck
9775,truck
9776,cat
9777,frog
9778,ship
9779,cat
9780,plane
9781,deer
9782,deer
9783,plane
9784,dog
9785,horse
9786,car
9787,horse
9788,car
9789,dog
9790,car
9791,truck
9792,ship
9793,frog
9794,car
9795,deer
9796,dog
9797,cat
9798,horse
9799,frog
9800,truck
9801,dog
9802,cat
9803,frog
9804,truck
9805,horse
9806,horse
9807,truck
9808,car
9809,bird
9810,horse
9811,deer
9812,truck
9813,car
9814,bird
9815,car
9816,frog
9817,ship
9818,car
9819,dog
9820,horse
9821,truck
9822,ship
9823,frog
9824,ship
9825,ship
9826,bird
9827,ship
9828,bird
9829,car
9830,car
9831,truck
9832,car
9833,ship
9834,frog
9835,frog
9836,cat
9837,car
9838,car
9839,bird
9840,ship
9841,dog
9842,truck
9843,car
9844,ship
9845,horse
9846,frog
9847,frog
9848,truck
9849,dog
9850,plane
9851,frog
9852,horse
9853,frog
9854,dog
9855,ship
9856,bird
9857,plane
9858,deer
9859,ship
9860,ship
9861,car
9862,cat
9863,bird
9864,horse
9865,frog
9866,ship
9867,horse
9868,plane
9869,ship
9870,car
9871,truck
9872,dog
9873,dog
9874,plane
9875,truck
9876,ship
9877,plane
9878,car
9879,plane
9880,cat
9881,bird
9882,plane
9883,deer
9884,ship
9885,frog
9886,bird
9887,dog
9888,car
9889,cat
9890,horse
9891,dog
9892,deer
9893,truck
9894,bird
9895,frog
9896,deer
9897,bird
9898,frog
9899,truck
9900,horse
9901,truck
9902,ship
9903,frog
9904,truck
9905,frog
9906,ship
9907,frog
9908,frog
9909,car
9910,ship
9911,horse
9912,dog
9913,dog
9914,car
9915,truck
9916,cat
9917,frog
9918,plane
9919,cat
9920,plane
9921,frog
9922,deer
9923,deer
9924,dog
9925,horse
9926,truck
9927,dog
9928,bird
9929,frog
9930,truck
9931,cat
9932,ship
9933,truck
9934,frog
9935,ship
9936,deer
9937,bird
9938,bird
9939,car
9940,car
9941,horse
9942,bird
9943,ship
9944,horse
9945,truck
9946,deer
9947,dog
9948,truck
9949,ship
9950,truck
9951,plane
9952,car
9953,dog
9954,bird
9955,frog
9956,ship
9957,car
9958,frog
9959,deer
9960,horse
9961,bird
9962,car
9963,car
9964,car
9965,bird
9966,frog
9967,frog
9968,truck
9969,car
9970,ship
9971,horse
9972,truck
9973,car
9974,ship
9975,ship
9976,bird
9977,horse
9978,bird
9979,deer
9980,frog
9981,horse
9982,frog
9983,dog
9984,plane
9985,ship
9986,bird
9987,cat
9988,bird
9989,truck
9990,cat
9991,dog
9992,frog
9993,horse
9994,dog
9995,horse
9996,cat
9997,frog
9998,horse
9999,frog
